oekobaudatProcessUuid;oekobaudatDatastockUuid;oekobaudatDatastockName;productId;tBaustoffVersion;productName;eolCategoryId;eolCategoryName;eolScenarioUnbuiltReal;eolScenarioUnbuiltPotential;technologyFactor;Fremd-/Störstoffbeschreibung;Störstoffklasse
5541250a-f8d8-4c67-9f24-47ab54686c30;ca70a7e6-0ea4-4e90-a947-d44585783626;OBD_2024_I;165;2024-Q4;Kunstharzputz;83;organ. Putz;Dep-;Dep-;0.0;ohne Fremd-/Störstoffe;S0
592ffe6e-4c21-4a24-ba67-273acbfca373;ca70a7e6-0ea4-4e90-a947-d44585783626;OBD_2024_I;45;2024-Q4;Dachziegel / Ton-;26;Tondachziegel;RC+;RC+;1.0;ohne Fremd-/Störstoffe;S0
b4cfc1a1-d1dc-413f-ab48-d6d52e498837;ca70a7e6-0ea4-4e90-a947-d44585783626;OBD_2024_I;337;2024-Q4;WDVS Verklebung und Beschichtung Silikonharzputz;83;organ. Putz;Dep-;Dep-;0.0;ohne Fremd-/Störstoffe;S0
ee6d9736-2ddd-4d2d-acc1-3ea1031c1f9e;ca70a7e6-0ea4-4e90-a947-d44585783626;OBD_2024_I;44;2024-Q4;Dachsteine / Beton-;25;Betondachstein;RC+;RC+;1.0;ohne Fremd-/Störstoffe;S0
ee6d9736-2ddd-4d2d-acc1-3ea1031c1f9e;ca70a7e6-0ea4-4e90-a947-d44585783626;OBD_2024_I;44;2024-Q4;Dachsteine / Beton-;25;Betondachstein;RC+;RC+;1.0;stahlbewehrung;S2
ee6d9736-2ddd-4d2d-acc1-3ea1031c1f9e;ca70a7e6-0ea4-4e90-a947-d44585783626;OBD_2024_I;44;2024-Q4;Dachsteine / Beton-;25;Betondachstein;RC+;RC+;1.0;"feinkörn. Material (Putze, Mörtel); org. Verbind., Bitumenreste, Gips in geringen Mengen (z.B. Feuchteabdichtungen, Spachteln, Anstriche)";S2
ee6d9736-2ddd-4d2d-acc1-3ea1031c1f9e;ca70a7e6-0ea4-4e90-a947-d44585783626;OBD_2024_I;44;2024-Q4;Dachsteine / Beton-;25;Betondachstein;RC+;RC+;1.0;"org. V., Bitumen, Gips, Leichtanteile in größeren Mengen (z.B. Gipsputz, Bitumendickschicht, Folien, Flüssigabdichtungen, Dämmstoffreste); Epoxidharz in geringen Mengen (Fugenmassen bei WU Beton, Feuchteabdichtung)";S3
ee6d9736-2ddd-4d2d-acc1-3ea1031c1f9e;ca70a7e6-0ea4-4e90-a947-d44585783626;OBD_2024_I;44;2024-Q4;Dachsteine / Beton-;25;Betondachstein;RC+;RC+;1.0;reaktionsharzbeschichtung (z.b. kunstharzbelag);S4
514d0f56-13d8-45a3-9267-01be064d6ce3;ca70a7e6-0ea4-4e90-a947-d44585783626;OBD_2024_I;166;2024-Q4;Kunststeinplatte (Epoxidharz gebunden);84;Kunststein;Dep-;Dep-;0.0;ohne Fremd-/Störstoffe;S0
514d0f56-13d8-45a3-9267-01be064d6ce3;ca70a7e6-0ea4-4e90-a947-d44585783626;OBD_2024_I;166;2024-Q4;Kunststeinplatte (Epoxidharz gebunden);84;Kunststein;Dep-;Dep-;0.0;kalkmörtel (leicht trennbar);S1
514d0f56-13d8-45a3-9267-01be064d6ce3;ca70a7e6-0ea4-4e90-a947-d44585783626;OBD_2024_I;166;2024-Q4;Kunststeinplatte (Epoxidharz gebunden);84;Kunststein;Dep-;Dep-;0.0;kalkzementmörtel, imprägnierung;S2
3abc810c-ef3a-4ab4-b6d8-0217716e213e;ca70a7e6-0ea4-4e90-a947-d44585783626;OBD_2024_I;41;2024-Q4;Calciumsulfatestrich;23;Estrich CA - Anhydritestrich;Dep+;RC-;0.25;ohne Fremd-/Störstoffe;S0
3abc810c-ef3a-4ab4-b6d8-0217716e213e;ca70a7e6-0ea4-4e90-a947-d44585783626;OBD_2024_I;41;2024-Q4;Calciumsulfatestrich;23;Estrich CA - Anhydritestrich;Dep+;RC-;0.25;geringfügig verunreinigt (konv. Besch, Klebstoffreste, Belagsreste, Bitumenreste);S2
3abc810c-ef3a-4ab4-b6d8-0217716e213e;ca70a7e6-0ea4-4e90-a947-d44585783626;OBD_2024_I;41;2024-Q4;Calciumsulfatestrich;23;Estrich CA - Anhydritestrich;Dep+;RC-;0.25;"Heizungsverteilrohre; verunreinigt mit Dämmstoff, Kunststoff/Bitumen (Bahnen, Beschichtungen, Flüssigfolie/-abdichtung)";S3
bfa45a2b-0f25-4dea-b550-50f3d49a548f;ca70a7e6-0ea4-4e90-a947-d44585783626;OBD_2024_I;193;2024-Q4;Spanplatte, melaminbeschichtet;99;Melaminbeschichtet;EV-;EV-;0.0;ohne Fremd-/Störstoffe;S0
bfa45a2b-0f25-4dea-b550-50f3d49a548f;ca70a7e6-0ea4-4e90-a947-d44585783626;OBD_2024_I;193;2024-Q4;Spanplatte, melaminbeschichtet;99;Melaminbeschichtet;EV-;EV-;0.0;Klebstoff-, Bodenbelagsreste, Trennfolien;S2
a7c7dd86-4cbe-487c-89f9-1bdd8ebdabec;ca70a7e6-0ea4-4e90-a947-d44585783626;OBD_2024_I;159;2024-Q4;Korklinoleum FuÃbodenbelag;79;Elast BB - Linoleumbelag;EV-;EV-;0.0;ohne Fremd-/Störstoffe;S0
a7c7dd86-4cbe-487c-89f9-1bdd8ebdabec;ca70a7e6-0ea4-4e90-a947-d44585783626;OBD_2024_I;159;2024-Q4;Korklinoleum FuÃbodenbelag;79;Elast BB - Linoleumbelag;EV-;EV-;0.0;Klebstoff-, Bodenbelagsreste, Trennfolien;S2
321a3ced-7d27-4bc0-bb6e-eb1cca5e3ccb;ca70a7e6-0ea4-4e90-a947-d44585783626;OBD_2024_I;274;2024-Q4;Schotter 16/32 (getrocknet);78;Kies / Schotter / Splitt;CL+;CL+;1.0;ohne Fremd-/Störstoffe;S0
e298e69e-ec22-4c73-b643-7444520133a4;ca70a7e6-0ea4-4e90-a947-d44585783626;OBD_2024_I;57;2024-Q4;Drei-Schichtholzplatte;32;Holzwerkstoff - nicht beschichtet;RC+;RC+;1.0;dampfdruckausgleichsschicht (bitumenbahnen mit metalleinlage);S2
e298e69e-ec22-4c73-b643-7444520133a4;ca70a7e6-0ea4-4e90-a947-d44585783626;OBD_2024_I;57;2024-Q4;Drei-Schichtholzplatte;32;Holzwerkstoff - nicht beschichtet;RC+;RC+;1.0;verunreinigt mit dämmstoff, kunststoff/bitumen (bahnen, beschichtungen);S3
f501dc99-706c-4b15-aaec-2cca2b409b41;ca70a7e6-0ea4-4e90-a947-d44585783626;OBD_2024_I;284;2024-Q4;Splitt 2/15;78;Kies / Schotter / Splitt;CL+;CL+;1.0;ohne Fremd-/Störstoffe;S0
08dd6b43-d77b-48fe-8c97-c68294ed4f75;ca70a7e6-0ea4-4e90-a947-d44585783626;OBD_2024_I;285;2024-Q4;Splitt 2/15 (getrocknet);78;Kies / Schotter / Splitt;CL+;CL+;1.0;ohne Fremd-/Störstoffe;S0
ed391263-0e6d-43dd-ad3e-43607545f281;ca70a7e6-0ea4-4e90-a947-d44585783626;OBD_2024_I;199;2024-Q4;Linoleum;79;Elast BB - Linoleumbelag;EV-;EV-;0.0;ohne Fremd-/Störstoffe;S0
ed391263-0e6d-43dd-ad3e-43607545f281;ca70a7e6-0ea4-4e90-a947-d44585783626;OBD_2024_I;199;2024-Q4;Linoleum;79;Elast BB - Linoleumbelag;EV-;EV-;0.0;Klebstoff-, Bodenbelagsreste, Trennfolien;S2
ed734c48-a58f-4f92-a9f7-57631b500fdc;ca70a7e6-0ea4-4e90-a947-d44585783626;OBD_2024_I;226;2024-Q4;PE-HD mit PP-Vlies zur Abdichtung;16;KSTBahn;EV-;EV-;0.0;ohne Fremd-/Störstoffe;S0
ed734c48-a58f-4f92-a9f7-57631b500fdc;ca70a7e6-0ea4-4e90-a947-d44585783626;OBD_2024_I;226;2024-Q4;PE-HD mit PP-Vlies zur Abdichtung;16;KSTBahn;EV-;EV-;0.0;klebereste;S3
b4634111-dc95-4873-8614-9ab38bd11d42;ca70a7e6-0ea4-4e90-a947-d44585783626;OBD_2024_I;322;2024-Q4;Unterspannbahn PP;16;KSTBahn;EV-;EV-;0.0;ohne Fremd-/Störstoffe;S0
b4634111-dc95-4873-8614-9ab38bd11d42;ca70a7e6-0ea4-4e90-a947-d44585783626;OBD_2024_I;322;2024-Q4;Unterspannbahn PP;16;KSTBahn;EV-;EV-;0.0;klebereste;S3
8d0ee729-dbb3-4a45-ab4a-3e9acf2ba858;ca70a7e6-0ea4-4e90-a947-d44585783626;OBD_2024_I;321;2024-Q4;Unterspannbahn PE gewebeverstÃ¤rkt;16;KSTBahn;EV-;EV-;0.0;ohne Fremd-/Störstoffe;S0
8d0ee729-dbb3-4a45-ab4a-3e9acf2ba858;ca70a7e6-0ea4-4e90-a947-d44585783626;OBD_2024_I;321;2024-Q4;Unterspannbahn PE gewebeverstÃ¤rkt;16;KSTBahn;EV-;EV-;0.0;klebereste;S3
5f0bc680-a252-46d6-a47a-a4b5a05318bc;ca70a7e6-0ea4-4e90-a947-d44585783626;OBD_2024_I;227;2024-Q4;PE-Noppenfolie zur Abdichtung;16;KSTBahn;EV-;EV-;0.0;ohne Fremd-/Störstoffe;S0
5f0bc680-a252-46d6-a47a-a4b5a05318bc;ca70a7e6-0ea4-4e90-a947-d44585783626;OBD_2024_I;227;2024-Q4;PE-Noppenfolie zur Abdichtung;16;KSTBahn;EV-;EV-;0.0;klebereste;S3
42d6f768-fb28-4105-ad21-078cc7af27a6;ca70a7e6-0ea4-4e90-a947-d44585783626;OBD_2024_I;224;2024-Q4;PE/PP Vlies;16;KSTBahn;EV-;EV-;0.0;ohne Fremd-/Störstoffe;S0
42d6f768-fb28-4105-ad21-078cc7af27a6;ca70a7e6-0ea4-4e90-a947-d44585783626;OBD_2024_I;224;2024-Q4;PE/PP Vlies;16;KSTBahn;EV-;EV-;0.0;klebereste;S3
d1ab548a-3626-4667-9690-baff659e10d5;ca70a7e6-0ea4-4e90-a947-d44585783626;OBD_2024_I;66;2024-Q4;EVA-Dachbahnen;16;KSTBahn;EV-;EV-;0.0;ohne Fremd-/Störstoffe;S0
d1ab548a-3626-4667-9690-baff659e10d5;ca70a7e6-0ea4-4e90-a947-d44585783626;OBD_2024_I;66;2024-Q4;EVA-Dachbahnen;16;KSTBahn;EV-;EV-;0.0;klebereste;S3
dcde634c-51b1-4d94-9206-cba9f9fd6822;ca70a7e6-0ea4-4e90-a947-d44585783626;OBD_2024_I;58;2024-Q4;ECB Kunststoff-Dachbahn nach DIN 16729 (mit PES Vlies);16;KSTBahn;EV-;EV-;0.0;ohne Fremd-/Störstoffe;S0
dcde634c-51b1-4d94-9206-cba9f9fd6822;ca70a7e6-0ea4-4e90-a947-d44585783626;OBD_2024_I;58;2024-Q4;ECB Kunststoff-Dachbahn nach DIN 16729 (mit PES Vlies);16;KSTBahn;EV-;EV-;0.0;klebereste;S3
28a26228-4acd-4bba-b62c-54a54c35526f;ca70a7e6-0ea4-4e90-a947-d44585783626;OBD_2024_I;48;2024-Q4;Dampfbremse PET gitterverstÃ¤rkt;16;KSTBahn;EV-;EV-;0.0;ohne Fremd-/Störstoffe;S0
28a26228-4acd-4bba-b62c-54a54c35526f;ca70a7e6-0ea4-4e90-a947-d44585783626;OBD_2024_I;48;2024-Q4;Dampfbremse PET gitterverstÃ¤rkt;16;KSTBahn;EV-;EV-;0.0;klebereste;S3
1d6be2f4-3c85-4318-a712-1ee0198168eb;ca70a7e6-0ea4-4e90-a947-d44585783626;OBD_2024_I;323;2024-Q4;Unterspannbahn PUR auf PET-Vlies;16;KSTBahn;EV-;EV-;0.0;ohne Fremd-/Störstoffe;S0
1d6be2f4-3c85-4318-a712-1ee0198168eb;ca70a7e6-0ea4-4e90-a947-d44585783626;OBD_2024_I;323;2024-Q4;Unterspannbahn PUR auf PET-Vlies;16;KSTBahn;EV-;EV-;0.0;klebereste;S3
23fc083c-960d-4d31-a509-f383e01c3179;ca70a7e6-0ea4-4e90-a947-d44585783626;OBD_2024_I;31;2024-Q4;BlÃ¤hton LB Planstein AuÃenwand;17;Leichtbeton - best case;SV;RC-;0.25;ohne Fremd-/Störstoffe;S0
23fc083c-960d-4d31-a509-f383e01c3179;ca70a7e6-0ea4-4e90-a947-d44585783626;OBD_2024_I;31;2024-Q4;BlÃ¤hton LB Planstein AuÃenwand;17;Leichtbeton - best case;SV;RC-;0.25;"feinkörn. Material (Putze, Mörtel); org. Verbind., Bitumenreste, Gips in geringen Mengen (z.B. Feuchteabdichtungen, Spachteln, Anstriche)";S2
23fc083c-960d-4d31-a509-f383e01c3179;ca70a7e6-0ea4-4e90-a947-d44585783626;OBD_2024_I;31;2024-Q4;BlÃ¤hton LB Planstein AuÃenwand;17;Leichtbeton - best case;SV;RC-;0.25;"org. V., Bitumen, Gips, Leichtanteile in größeren Mengen (z.B. Gipsputz, Bitumendickschicht, Folien, Flüssigabdichtungen, Dämmstoffreste); Epoxidharz in geringen Mengen (Fugenmassen bei WU Beton, Feuchteabdichtung)";S3
2e60360a-61f1-4d86-a537-a50a3d4165ba;ca70a7e6-0ea4-4e90-a947-d44585783626;OBD_2024_I;314;2024-Q4;Transparente Platten PVC;20;PVC hart;SV;SV;0.0;metallteile;S1
73de9e80-8ed2-47d8-b5b6-854c84166f24;ca70a7e6-0ea4-4e90-a947-d44585783626;OBD_2024_I;84;2024-Q4;Kunststofftrahmen PVC [kg/mÂ² Rahmen];20;PVC hart;SV;SV;0.0;metallteile;S1
d8aa07b1-b3aa-41b0-a17b-f8f5e15f37f3;ca70a7e6-0ea4-4e90-a947-d44585783626;OBD_2024_I;34;2024-Q4;Blendrahmen PVC-U;20;PVC hart;SV;SV;0.0;metallteile;S1
9b619143-9ea3-4573-9839-b6ebd75c71a1;ca70a7e6-0ea4-4e90-a947-d44585783626;OBD_2024_I;261;2024-Q4;Schaumbeton DÃ¤mmplatten;18;Mineralplatte;Dep+;SV;0.75;ohne Fremd-/Störstoffe;S0
9b619143-9ea3-4573-9839-b6ebd75c71a1;ca70a7e6-0ea4-4e90-a947-d44585783626;OBD_2024_I;261;2024-Q4;Schaumbeton DÃ¤mmplatten;18;Mineralplatte;Dep+;SV;0.75;Putze, Klebespachtel (WDVS), Alukaschierung, Gipskarton;S2
414d0e5b-7628-466c-89d3-56e107b60aa6;ca70a7e6-0ea4-4e90-a947-d44585783626;OBD_2024_I;239;2024-Q4;Porenbeton MineraldÃ¤mmplatte;18;Mineralplatte;Dep+;SV;0.75;ohne Fremd-/Störstoffe;S0
414d0e5b-7628-466c-89d3-56e107b60aa6;ca70a7e6-0ea4-4e90-a947-d44585783626;OBD_2024_I;239;2024-Q4;Porenbeton MineraldÃ¤mmplatte;18;Mineralplatte;Dep+;SV;0.75;Putze, Klebespachtel (WDVS), Alukaschierung, Gipskarton;S2
5d087386-ed6b-4786-b37b-87164384927b;ca70a7e6-0ea4-4e90-a947-d44585783626;OBD_2024_I;67;2024-Q4;Expandierte Perlit-DÃ¤mmplatten fÃ¼r den Innenbereich;18;Mineralplatte;Dep+;SV;0.75;ohne Fremd-/Störstoffe;S0
5d087386-ed6b-4786-b37b-87164384927b;ca70a7e6-0ea4-4e90-a947-d44585783626;OBD_2024_I;67;2024-Q4;Expandierte Perlit-DÃ¤mmplatten fÃ¼r den Innenbereich;18;Mineralplatte;Dep+;SV;0.75;Putze, Klebespachtel (WDVS), Alukaschierung, Gipskarton;S2
af3510f4-3c5d-45a4-8162-16df43aaca34;ca70a7e6-0ea4-4e90-a947-d44585783626;OBD_2024_I;40;2024-Q4;Calciumsilikatplatte;18;Mineralplatte;Dep+;SV;0.75;ohne Fremd-/Störstoffe;S0
af3510f4-3c5d-45a4-8162-16df43aaca34;ca70a7e6-0ea4-4e90-a947-d44585783626;OBD_2024_I;40;2024-Q4;Calciumsilikatplatte;18;Mineralplatte;Dep+;SV;0.75;Putze, Klebespachtel (WDVS), Alukaschierung, Gipskarton;S2
a1deced7-6fa9-4266-bc86-da75b3653b06;ca70a7e6-0ea4-4e90-a947-d44585783626;OBD_2024_I;194;2024-Q4;Leichtbetonstein aus 100% Naturbims;17;Leichtbeton - best case;SV;RC-;0.25;ohne Fremd-/Störstoffe;S0
a1deced7-6fa9-4266-bc86-da75b3653b06;ca70a7e6-0ea4-4e90-a947-d44585783626;OBD_2024_I;194;2024-Q4;Leichtbetonstein aus 100% Naturbims;17;Leichtbeton - best case;SV;RC-;0.25;"feinkörn. Material (Putze, Mörtel); org. Verbind., Bitumenreste, Gips in geringen Mengen (z.B. Feuchteabdichtungen, Spachteln, Anstriche)";S2
a1deced7-6fa9-4266-bc86-da75b3653b06;ca70a7e6-0ea4-4e90-a947-d44585783626;OBD_2024_I;194;2024-Q4;Leichtbetonstein aus 100% Naturbims;17;Leichtbeton - best case;SV;RC-;0.25;"org. V., Bitumen, Gips, Leichtanteile in größeren Mengen (z.B. Gipsputz, Bitumendickschicht, Folien, Flüssigabdichtungen, Dämmstoffreste); Epoxidharz in geringen Mengen (Fugenmassen bei WU Beton, Feuchteabdichtung)";S3
3489c0eb-415f-4dc8-8c2d-b276f6efebc6;ca70a7e6-0ea4-4e90-a947-d44585783626;OBD_2024_I;88;2024-Q4;FÃ¼nf-Schichtholzplatte;32;Holzwerkstoff - nicht beschichtet;RC+;RC+;1.0;dampfdruckausgleichsschicht (bitumenbahnen mit metalleinlage);S2
3489c0eb-415f-4dc8-8c2d-b276f6efebc6;ca70a7e6-0ea4-4e90-a947-d44585783626;OBD_2024_I;88;2024-Q4;FÃ¼nf-Schichtholzplatte;32;Holzwerkstoff - nicht beschichtet;RC+;RC+;1.0;verunreinigt mit dämmstoff, kunststoff/bitumen (bahnen, beschichtungen);S3
f4461491-586a-4770-9a04-716565e58c24;ca70a7e6-0ea4-4e90-a947-d44585783626;OBD_2024_I;273;2024-Q4;Schotter 16/32;78;Kies / Schotter / Splitt;CL+;CL+;1.0;ohne Fremd-/Störstoffe;S0
27f4902c-8a26-4a87-b723-f4a650350781;ca70a7e6-0ea4-4e90-a947-d44585783626;OBD_2024_I;89;2024-Q4;Furnierschichtholz (Laminated Veneer Lumber);32;Holzwerkstoff - nicht beschichtet;RC+;RC+;1.0;dampfdruckausgleichsschicht (bitumenbahnen mit metalleinlage);S2
27f4902c-8a26-4a87-b723-f4a650350781;ca70a7e6-0ea4-4e90-a947-d44585783626;OBD_2024_I;89;2024-Q4;Furnierschichtholz (Laminated Veneer Lumber);32;Holzwerkstoff - nicht beschichtet;RC+;RC+;1.0;verunreinigt mit dämmstoff, kunststoff/bitumen (bahnen, beschichtungen);S3
b8a652dc-48f0-4bc5-b60c-caec8d576fa4;ca70a7e6-0ea4-4e90-a947-d44585783626;OBD_2024_I;104;2024-Q4;Grauguss Bauteil;57;Stahl - Baustahl (zB StahltrÃ¤ger,..);CL+;CL+;1.0;ohne Fremd-/Störstoffe;S0
b8a652dc-48f0-4bc5-b60c-caec8d576fa4;ca70a7e6-0ea4-4e90-a947-d44585783626;OBD_2024_I;104;2024-Q4;Grauguss Bauteil;57;Stahl - Baustahl (zB StahltrÃ¤ger,..);CL+;CL+;1.0;beschichtet;S2
f848bd34-ac63-4b06-8ff6-080d310e414f;ca70a7e6-0ea4-4e90-a947-d44585783626;OBD_2024_I;292;2024-Q4;Stahl Schmiedebauteil;57;Stahl - Baustahl (zB StahltrÃ¤ger,..);CL+;CL+;1.0;ohne Fremd-/Störstoffe;S0
f848bd34-ac63-4b06-8ff6-080d310e414f;ca70a7e6-0ea4-4e90-a947-d44585783626;OBD_2024_I;292;2024-Q4;Stahl Schmiedebauteil;57;Stahl - Baustahl (zB StahltrÃ¤ger,..);CL+;CL+;1.0;beschichtet;S2
755a481d-a74b-4ba0-b417-cc26767b2d50;ca70a7e6-0ea4-4e90-a947-d44585783626;OBD_2024_I;294;2024-Q4;Stahlprofil;57;Stahl - Baustahl (zB StahltrÃ¤ger,..);CL+;CL+;1.0;ohne Fremd-/Störstoffe;S0
755a481d-a74b-4ba0-b417-cc26767b2d50;ca70a7e6-0ea4-4e90-a947-d44585783626;OBD_2024_I;294;2024-Q4;Stahlprofil;57;Stahl - Baustahl (zB StahltrÃ¤ger,..);CL+;CL+;1.0;beschichtet;S2
c7381cc7-53b7-427e-9c0b-c9edc4152602;ca70a7e6-0ea4-4e90-a947-d44585783626;OBD_2024_I;108;2024-Q4;Gussasphaltestrich;59;Gussasphaltestrich;Dep+;CL+;0.75;ohne Fremd-/Störstoffe;S0
c7381cc7-53b7-427e-9c0b-c9edc4152602;ca70a7e6-0ea4-4e90-a947-d44585783626;OBD_2024_I;108;2024-Q4;Gussasphaltestrich;59;Gussasphaltestrich;Dep+;CL+;0.75;Klebstoff-, Bodenbelagsreste, Trennfolien;S2
c7381cc7-53b7-427e-9c0b-c9edc4152602;ca70a7e6-0ea4-4e90-a947-d44585783626;OBD_2024_I;108;2024-Q4;Gussasphaltestrich;59;Gussasphaltestrich;Dep+;CL+;0.75;"Heizungsverteilrohre; verunreinigt mit Dämmstoff, Kunststoff/Bitumen (Bahnen, Beschichtungen, Flüssigfolie/-abdichtung)";S3
c92470df-8c3d-4586-904e-53801844edf5;ca70a7e6-0ea4-4e90-a947-d44585783626;OBD_2024_I;100;2024-Q4;Glasbausteine;55;Glasbaustein;Dep+;SV;0.5;ohne Fremd-/Störstoffe;S0
c92470df-8c3d-4586-904e-53801844edf5;ca70a7e6-0ea4-4e90-a947-d44585783626;OBD_2024_I;100;2024-Q4;Glasbausteine;55;Glasbaustein;Dep+;SV;0.5;"mörtel; bewehrungsstahl im mörtel";S2
c92470df-8c3d-4586-904e-53801844edf5;ca70a7e6-0ea4-4e90-a947-d44585783626;OBD_2024_I;100;2024-Q4;Glasbausteine;55;Glasbaustein;Dep+;SV;0.5;Klebstoff-, Bodenbelagsreste, Trennfolien;S3
b7b7c6be-122f-48d9-b1c2-9b81a6b7e95c;ca70a7e6-0ea4-4e90-a947-d44585783626;OBD_2024_I;80;2024-Q4;Flachsvlies (mit Flammschutzmittel);47;DS Pflanzenfaser mit Zusatzstoffen (FSM, Bindemittel);EV-;EV-;0.0;ohne Fremd-/Störstoffe;S0
b7b7c6be-122f-48d9-b1c2-9b81a6b7e95c;ca70a7e6-0ea4-4e90-a947-d44585783626;OBD_2024_I;80;2024-Q4;Flachsvlies (mit Flammschutzmittel);47;DS Pflanzenfaser mit Zusatzstoffen (FSM, Bindemittel);EV-;EV-;0.0;putz, klebespachtel, klebstoff;S3
b7b7c6be-122f-48d9-b1c2-9b81a6b7e95c;ca70a7e6-0ea4-4e90-a947-d44585783626;OBD_2024_I;80;2024-Q4;Flachsvlies (mit Flammschutzmittel);47;DS Pflanzenfaser mit Zusatzstoffen (FSM, Bindemittel);EV-;EV-;0.0;putz;S3
94b1c5c8-659a-4585-b0a2-4a4ffc2a64f6;ca70a7e6-0ea4-4e90-a947-d44585783626;OBD_2024_I;319;2024-Q4;Trockenestrich (Gipsfaserplatte);54;Gipsfaser;Dep+;RC-;0.25;gipsspachtel;S1
94b1c5c8-659a-4585-b0a2-4a4ffc2a64f6;ca70a7e6-0ea4-4e90-a947-d44585783626;OBD_2024_I;319;2024-Q4;Trockenestrich (Gipsfaserplatte);54;Gipsfaser;Dep+;RC-;0.25;wandfarbe, geringf. klebstoff-, belagsreste;S2
94b1c5c8-659a-4585-b0a2-4a4ffc2a64f6;ca70a7e6-0ea4-4e90-a947-d44585783626;OBD_2024_I;319;2024-Q4;Trockenestrich (Gipsfaserplatte);54;Gipsfaser;Dep+;RC-;0.25;verunr.mit kunststoffen, dämmstoffen, metallkasch, massivbaustoffen;S3
46c055f0-84a2-423b-ae82-5264886e51ad;ca70a7e6-0ea4-4e90-a947-d44585783626;OBD_2024_I;93;2024-Q4;Gipskartonplatte (Feuerschutz);53;Gipsplatte;Dep+;CL+;0.75;gipsspachtel;S1
46c055f0-84a2-423b-ae82-5264886e51ad;ca70a7e6-0ea4-4e90-a947-d44585783626;OBD_2024_I;93;2024-Q4;Gipskartonplatte (Feuerschutz);53;Gipsplatte;Dep+;CL+;0.75;wandfarbe, geringf. klebstoff-, belagsreste;S2
46c055f0-84a2-423b-ae82-5264886e51ad;ca70a7e6-0ea4-4e90-a947-d44585783626;OBD_2024_I;93;2024-Q4;Gipskartonplatte (Feuerschutz);53;Gipsplatte;Dep+;CL+;0.75;verunr.mit kunststoffen, dämmstoffen, metallkasch, massivbaustoffen;S3
46c055f0-84a2-423b-ae82-5264886e51ad;ca70a7e6-0ea4-4e90-a947-d44585783626;OBD_2024_I;93;2024-Q4;Gipskartonplatte (Feuerschutz);53;Gipsplatte;Dep+;CL+;0.75;ohne Fremd-/Störstoffe;S0
46c055f0-84a2-423b-ae82-5264886e51ad;ca70a7e6-0ea4-4e90-a947-d44585783626;OBD_2024_I;93;2024-Q4;Gipskartonplatte (Feuerschutz);53;Gipsplatte;Dep+;CL+;0.75;metallteile;S1
46c055f0-84a2-423b-ae82-5264886e51ad;ca70a7e6-0ea4-4e90-a947-d44585783626;OBD_2024_I;93;2024-Q4;Gipskartonplatte (Feuerschutz);53;Gipsplatte;Dep+;CL+;0.75;geringfügig verunreinigt (konv. Besch, Klebstoffreste, Belagsreste, Bitumenreste);S2
46c055f0-84a2-423b-ae82-5264886e51ad;ca70a7e6-0ea4-4e90-a947-d44585783626;OBD_2024_I;93;2024-Q4;Gipskartonplatte (Feuerschutz);53;Gipsplatte;Dep+;CL+;0.75;problematische beschichtung (schwermetalle, halogene, biozide);S4
deeb0bda-20fa-412a-b945-1a589638db21;ca70a7e6-0ea4-4e90-a947-d44585783626;OBD_2024_I;94;2024-Q4;Gipskartonplatte (imprÃ¤gniert);53;Gipsplatte;Dep+;CL+;0.75;gipsspachtel;S1
deeb0bda-20fa-412a-b945-1a589638db21;ca70a7e6-0ea4-4e90-a947-d44585783626;OBD_2024_I;94;2024-Q4;Gipskartonplatte (imprÃ¤gniert);53;Gipsplatte;Dep+;CL+;0.75;wandfarbe, geringf. klebstoff-, belagsreste;S2
deeb0bda-20fa-412a-b945-1a589638db21;ca70a7e6-0ea4-4e90-a947-d44585783626;OBD_2024_I;94;2024-Q4;Gipskartonplatte (imprÃ¤gniert);53;Gipsplatte;Dep+;CL+;0.75;verunr.mit kunststoffen, dämmstoffen, metallkasch, massivbaustoffen;S3
deeb0bda-20fa-412a-b945-1a589638db21;ca70a7e6-0ea4-4e90-a947-d44585783626;OBD_2024_I;94;2024-Q4;Gipskartonplatte (imprÃ¤gniert);53;Gipsplatte;Dep+;CL+;0.75;ohne Fremd-/Störstoffe;S0
deeb0bda-20fa-412a-b945-1a589638db21;ca70a7e6-0ea4-4e90-a947-d44585783626;OBD_2024_I;94;2024-Q4;Gipskartonplatte (imprÃ¤gniert);53;Gipsplatte;Dep+;CL+;0.75;metallteile;S1
deeb0bda-20fa-412a-b945-1a589638db21;ca70a7e6-0ea4-4e90-a947-d44585783626;OBD_2024_I;94;2024-Q4;Gipskartonplatte (imprÃ¤gniert);53;Gipsplatte;Dep+;CL+;0.75;geringfügig verunreinigt (konv. Besch, Klebstoffreste, Belagsreste, Bitumenreste);S2
deeb0bda-20fa-412a-b945-1a589638db21;ca70a7e6-0ea4-4e90-a947-d44585783626;OBD_2024_I;94;2024-Q4;Gipskartonplatte (imprÃ¤gniert);53;Gipsplatte;Dep+;CL+;0.75;problematische beschichtung (schwermetalle, halogene, biozide);S4
edec09e1-c56e-4655-a094-c9a18e1563ac;ca70a7e6-0ea4-4e90-a947-d44585783626;OBD_2024_I;95;2024-Q4;Gipskartonplatte (Lochplatte);53;Gipsplatte;Dep+;CL+;0.75;gipsspachtel;S1
edec09e1-c56e-4655-a094-c9a18e1563ac;ca70a7e6-0ea4-4e90-a947-d44585783626;OBD_2024_I;95;2024-Q4;Gipskartonplatte (Lochplatte);53;Gipsplatte;Dep+;CL+;0.75;wandfarbe, geringf. klebstoff-, belagsreste;S2
edec09e1-c56e-4655-a094-c9a18e1563ac;ca70a7e6-0ea4-4e90-a947-d44585783626;OBD_2024_I;95;2024-Q4;Gipskartonplatte (Lochplatte);53;Gipsplatte;Dep+;CL+;0.75;verunr.mit kunststoffen, dämmstoffen, metallkasch, massivbaustoffen;S3
edec09e1-c56e-4655-a094-c9a18e1563ac;ca70a7e6-0ea4-4e90-a947-d44585783626;OBD_2024_I;95;2024-Q4;Gipskartonplatte (Lochplatte);53;Gipsplatte;Dep+;CL+;0.75;ohne Fremd-/Störstoffe;S0
edec09e1-c56e-4655-a094-c9a18e1563ac;ca70a7e6-0ea4-4e90-a947-d44585783626;OBD_2024_I;95;2024-Q4;Gipskartonplatte (Lochplatte);53;Gipsplatte;Dep+;CL+;0.75;metallteile;S1
edec09e1-c56e-4655-a094-c9a18e1563ac;ca70a7e6-0ea4-4e90-a947-d44585783626;OBD_2024_I;95;2024-Q4;Gipskartonplatte (Lochplatte);53;Gipsplatte;Dep+;CL+;0.75;geringfügig verunreinigt (konv. Besch, Klebstoffreste, Belagsreste, Bitumenreste);S2
edec09e1-c56e-4655-a094-c9a18e1563ac;ca70a7e6-0ea4-4e90-a947-d44585783626;OBD_2024_I;95;2024-Q4;Gipskartonplatte (Lochplatte);53;Gipsplatte;Dep+;CL+;0.75;problematische beschichtung (schwermetalle, halogene, biozide);S4
7b69e7b4-68dd-49a3-b2dc-ae608b66eece;ca70a7e6-0ea4-4e90-a947-d44585783626;OBD_2024_I;99;2024-Q4;Gipswandbauplatte (100 mm);53;Gipsplatte;Dep+;CL+;0.75;gipsspachtel;S1
7b69e7b4-68dd-49a3-b2dc-ae608b66eece;ca70a7e6-0ea4-4e90-a947-d44585783626;OBD_2024_I;99;2024-Q4;Gipswandbauplatte (100 mm);53;Gipsplatte;Dep+;CL+;0.75;wandfarbe, geringf. klebstoff-, belagsreste;S2
7b69e7b4-68dd-49a3-b2dc-ae608b66eece;ca70a7e6-0ea4-4e90-a947-d44585783626;OBD_2024_I;99;2024-Q4;Gipswandbauplatte (100 mm);53;Gipsplatte;Dep+;CL+;0.75;verunr.mit kunststoffen, dämmstoffen, metallkasch, massivbaustoffen;S3
7b69e7b4-68dd-49a3-b2dc-ae608b66eece;ca70a7e6-0ea4-4e90-a947-d44585783626;OBD_2024_I;99;2024-Q4;Gipswandbauplatte (100 mm);53;Gipsplatte;Dep+;CL+;0.75;ohne Fremd-/Störstoffe;S0
7b69e7b4-68dd-49a3-b2dc-ae608b66eece;ca70a7e6-0ea4-4e90-a947-d44585783626;OBD_2024_I;99;2024-Q4;Gipswandbauplatte (100 mm);53;Gipsplatte;Dep+;CL+;0.75;metallteile;S1
7b69e7b4-68dd-49a3-b2dc-ae608b66eece;ca70a7e6-0ea4-4e90-a947-d44585783626;OBD_2024_I;99;2024-Q4;Gipswandbauplatte (100 mm);53;Gipsplatte;Dep+;CL+;0.75;geringfügig verunreinigt (konv. Besch, Klebstoffreste, Belagsreste, Bitumenreste);S2
7b69e7b4-68dd-49a3-b2dc-ae608b66eece;ca70a7e6-0ea4-4e90-a947-d44585783626;OBD_2024_I;99;2024-Q4;Gipswandbauplatte (100 mm);53;Gipsplatte;Dep+;CL+;0.75;problematische beschichtung (schwermetalle, halogene, biozide);S4
f4ef6362-85e1-4aac-b263-d954d1acbcd1;ca70a7e6-0ea4-4e90-a947-d44585783626;OBD_2024_I;320;2024-Q4;Trockenestrich (Gipskartonplatte);53;Gipsplatte;Dep+;CL+;0.75;gipsspachtel;S1
f4ef6362-85e1-4aac-b263-d954d1acbcd1;ca70a7e6-0ea4-4e90-a947-d44585783626;OBD_2024_I;320;2024-Q4;Trockenestrich (Gipskartonplatte);53;Gipsplatte;Dep+;CL+;0.75;wandfarbe, geringf. klebstoff-, belagsreste;S2
f4ef6362-85e1-4aac-b263-d954d1acbcd1;ca70a7e6-0ea4-4e90-a947-d44585783626;OBD_2024_I;320;2024-Q4;Trockenestrich (Gipskartonplatte);53;Gipsplatte;Dep+;CL+;0.75;verunr.mit kunststoffen, dämmstoffen, metallkasch, massivbaustoffen;S3
f4ef6362-85e1-4aac-b263-d954d1acbcd1;ca70a7e6-0ea4-4e90-a947-d44585783626;OBD_2024_I;320;2024-Q4;Trockenestrich (Gipskartonplatte);53;Gipsplatte;Dep+;CL+;0.75;ohne Fremd-/Störstoffe;S0
f4ef6362-85e1-4aac-b263-d954d1acbcd1;ca70a7e6-0ea4-4e90-a947-d44585783626;OBD_2024_I;320;2024-Q4;Trockenestrich (Gipskartonplatte);53;Gipsplatte;Dep+;CL+;0.75;metallteile;S1
f4ef6362-85e1-4aac-b263-d954d1acbcd1;ca70a7e6-0ea4-4e90-a947-d44585783626;OBD_2024_I;320;2024-Q4;Trockenestrich (Gipskartonplatte);53;Gipsplatte;Dep+;CL+;0.75;geringfügig verunreinigt (konv. Besch, Klebstoffreste, Belagsreste, Bitumenreste);S2
f4ef6362-85e1-4aac-b263-d954d1acbcd1;ca70a7e6-0ea4-4e90-a947-d44585783626;OBD_2024_I;320;2024-Q4;Trockenestrich (Gipskartonplatte);53;Gipsplatte;Dep+;CL+;0.75;problematische beschichtung (schwermetalle, halogene, biozide);S4
1b0a3488-9b02-4c98-b421-8c746d350f97;ca70a7e6-0ea4-4e90-a947-d44585783626;OBD_2024_I;96;2024-Q4;Gipsfaserplatte;54;Gipsfaser;Dep+;RC-;0.25;gipsspachtel;S1
1b0a3488-9b02-4c98-b421-8c746d350f97;ca70a7e6-0ea4-4e90-a947-d44585783626;OBD_2024_I;96;2024-Q4;Gipsfaserplatte;54;Gipsfaser;Dep+;RC-;0.25;wandfarbe, geringf. klebstoff-, belagsreste;S2
1b0a3488-9b02-4c98-b421-8c746d350f97;ca70a7e6-0ea4-4e90-a947-d44585783626;OBD_2024_I;96;2024-Q4;Gipsfaserplatte;54;Gipsfaser;Dep+;RC-;0.25;verunr.mit kunststoffen, dämmstoffen, metallkasch, massivbaustoffen;S3
9a9f76b6-54f0-421e-9f8a-6a5db3a22e1d;ca70a7e6-0ea4-4e90-a947-d44585783626;OBD_2024_I;112;2024-Q4;Hanfvlies mit Flammschutzmittel;47;DS Pflanzenfaser mit Zusatzstoffen (FSM, Bindemittel);EV-;EV-;0.0;ohne Fremd-/Störstoffe;S0
9a9f76b6-54f0-421e-9f8a-6a5db3a22e1d;ca70a7e6-0ea4-4e90-a947-d44585783626;OBD_2024_I;112;2024-Q4;Hanfvlies mit Flammschutzmittel;47;DS Pflanzenfaser mit Zusatzstoffen (FSM, Bindemittel);EV-;EV-;0.0;putz, klebespachtel, klebstoff;S3
9a9f76b6-54f0-421e-9f8a-6a5db3a22e1d;ca70a7e6-0ea4-4e90-a947-d44585783626;OBD_2024_I;112;2024-Q4;Hanfvlies mit Flammschutzmittel;47;DS Pflanzenfaser mit Zusatzstoffen (FSM, Bindemittel);EV-;EV-;0.0;putz;S3
a7bad3b6-2123-483b-99b5-2ec481254be7;ca70a7e6-0ea4-4e90-a947-d44585783626;OBD_2024_I;155;2024-Q4;Kies 2/32 getrocknet;78;Kies / Schotter / Splitt;CL+;CL+;1.0;ohne Fremd-/Störstoffe;S0
24b673e5-b737-4fe9-ab51-ca68391ccdd3;ca70a7e6-0ea4-4e90-a947-d44585783626;OBD_2024_I;283;2024-Q4;Sperrholzplatte;32;Holzwerkstoff - nicht beschichtet;RC+;RC+;1.0;dampfdruckausgleichsschicht (bitumenbahnen mit metalleinlage);S2
24b673e5-b737-4fe9-ab51-ca68391ccdd3;ca70a7e6-0ea4-4e90-a947-d44585783626;OBD_2024_I;283;2024-Q4;Sperrholzplatte;32;Holzwerkstoff - nicht beschichtet;RC+;RC+;1.0;verunreinigt mit dämmstoff, kunststoff/bitumen (bahnen, beschichtungen);S3
d35a5f2a-d72c-41a3-9f64-ea1b1ec066d1;ca70a7e6-0ea4-4e90-a947-d44585783626;OBD_2024_I;154;2024-Q4;Kies 2/32;78;Kies / Schotter / Splitt;CL+;CL+;1.0;ohne Fremd-/Störstoffe;S0
0f2f2410-d9e2-4e0f-837a-987cb3186d81;ca70a7e6-0ea4-4e90-a947-d44585783626;OBD_2024_I;282;2024-Q4;Spanplatte;32;Holzwerkstoff - nicht beschichtet;RC+;RC+;1.0;dampfdruckausgleichsschicht (bitumenbahnen mit metalleinlage);S2
0f2f2410-d9e2-4e0f-837a-987cb3186d81;ca70a7e6-0ea4-4e90-a947-d44585783626;OBD_2024_I;282;2024-Q4;Spanplatte;32;Holzwerkstoff - nicht beschichtet;RC+;RC+;1.0;verunreinigt mit dämmstoff, kunststoff/bitumen (bahnen, beschichtungen);S3
fdbe82c6-7073-4f8c-a540-c37a6bf16cd6;ca70a7e6-0ea4-4e90-a947-d44585783626;OBD_2024_I;68;2024-Q4;Expandierter Kork;39;Kork;EV-;RC+;0.75;ohne Fremd-/Störstoffe;S0
fdbe82c6-7073-4f8c-a540-c37a6bf16cd6;ca70a7e6-0ea4-4e90-a947-d44585783626;OBD_2024_I;68;2024-Q4;Expandierter Kork;39;Kork;EV-;RC+;0.75;beschichtung, klebstoffreste;S2
fdbe82c6-7073-4f8c-a540-c37a6bf16cd6;ca70a7e6-0ea4-4e90-a947-d44585783626;OBD_2024_I;68;2024-Q4;Expandierter Kork;39;Kork;EV-;RC+;0.75;problematische beschichtung (schwermetalle, halogene, biozide);S4
b822aa09-3cb6-49a3-98f6-a3ebf325a70b;ca70a7e6-0ea4-4e90-a947-d44585783626;OBD_2024_I;118;2024-Q4;Hochlochziegel organisch gefÃ¼llt, ohne MÃ¶rtel / Kleb.;66;Ziegel EPS gefÃ¼llt;Dep-;RC-;0.75;ohne Fremd-/Störstoffe;S0
b822aa09-3cb6-49a3-98f6-a3ebf325a70b;ca70a7e6-0ea4-4e90-a947-d44585783626;OBD_2024_I;118;2024-Q4;Hochlochziegel organisch gefÃ¼llt, ohne MÃ¶rtel / Kleb.;66;Ziegel EPS gefÃ¼llt;Dep-;RC-;0.75;"feinkörn. Material (Putze, Mörtel); org. Verbind., Bitumenreste, Gips in geringen Mengen (z.B. Feuchteabdichtungen, Spachteln, Anstriche)";S2
b822aa09-3cb6-49a3-98f6-a3ebf325a70b;ca70a7e6-0ea4-4e90-a947-d44585783626;OBD_2024_I;118;2024-Q4;Hochlochziegel organisch gefÃ¼llt, ohne MÃ¶rtel / Kleb.;66;Ziegel EPS gefÃ¼llt;Dep-;RC-;0.75;"org. V., Bitumen, Gips, Leichtanteile in größeren Mengen (z.B. Gipsputz, Bitumendickschicht, Folien, Flüssigabdichtungen, Dämmstoffreste); Epoxidharz in geringen Mengen (Fugenmassen bei WU Beton, Feuchteabdichtung)";S3
c91aa879-2826-4078-8bfa-baae349549cb;ca70a7e6-0ea4-4e90-a947-d44585783626;OBD_2024_I;121;2024-Q4;HolzfaserdÃ¤mmplatte (Nassverfahren);68;Holzfaser, Rho<200;EV-;RC-;0.5;ohne Fremd-/Störstoffe;S0
c91aa879-2826-4078-8bfa-baae349549cb;ca70a7e6-0ea4-4e90-a947-d44585783626;OBD_2024_I;121;2024-Q4;HolzfaserdÃ¤mmplatte (Nassverfahren);68;Holzfaser, Rho<200;EV-;RC-;0.5;putz, klebespachtel, klebstoff;S3
ac8de42f-3cff-4ca8-b8cc-c0db6daf089b;ca70a7e6-0ea4-4e90-a947-d44585783626;OBD_2024_I;129;2024-Q4;Holzwolle-Leichtbauplatte;69;Holzzement;Dep-;SV;0.25;ohne Fremd-/Störstoffe;S0
ac8de42f-3cff-4ca8-b8cc-c0db6daf089b;ca70a7e6-0ea4-4e90-a947-d44585783626;OBD_2024_I;129;2024-Q4;Holzwolle-Leichtbauplatte;69;Holzzement;Dep-;SV;0.25;dämmstoffe, putze, mörtel;S3
c4c0957c-0e8a-4445-8672-0fc21714751b;ca70a7e6-0ea4-4e90-a947-d44585783626;OBD_2024_I;209;2024-Q4;Mineralisch modifizierte TrockenschÃ¼ttung;69;Holzzement;Dep-;SV;0.25;ohne Fremd-/Störstoffe;S0
c4c0957c-0e8a-4445-8672-0fc21714751b;ca70a7e6-0ea4-4e90-a947-d44585783626;OBD_2024_I;209;2024-Q4;Mineralisch modifizierte TrockenschÃ¼ttung;69;Holzzement;Dep-;SV;0.25;dämmstoffe, putze, mörtel;S3
268829ec-c8d9-4c6e-abdd-542acc494dd1;ca70a7e6-0ea4-4e90-a947-d44585783626;OBD_2024_I;343;2024-Q4;Zementgebundene Spanplatte;69;Holzzement;Dep-;SV;0.25;ohne Fremd-/Störstoffe;S0
268829ec-c8d9-4c6e-abdd-542acc494dd1;ca70a7e6-0ea4-4e90-a947-d44585783626;OBD_2024_I;343;2024-Q4;Zementgebundene Spanplatte;69;Holzzement;Dep-;SV;0.25;dämmstoffe, putze, mörtel;S3
c5151e24-55fa-4748-862f-855ab913470f;ca70a7e6-0ea4-4e90-a947-d44585783626;OBD_2024_I;70;2024-Q4;FaserverstÃ¤rkte Spachtelmasse;41;faserverstÃ¤rkt;Dep-;Dep-;0.0;ohne Fremd-/Störstoffe;S0
c5151e24-55fa-4748-862f-855ab913470f;ca70a7e6-0ea4-4e90-a947-d44585783626;OBD_2024_I;70;2024-Q4;FaserverstÃ¤rkte Spachtelmasse;41;faserverstÃ¤rkt;Dep-;Dep-;0.0;putz, klebespachtel, klebstoff;S3
c4ddfdbc-ee2b-4dd5-a754-b317cf06470a;ca70a7e6-0ea4-4e90-a947-d44585783626;OBD_2024_I;69;2024-Q4;XPS-DÃ¤mmstoff;40;XPS;EV-;RC+;0.25;ohne Fremd-/Störstoffe;S0
c4ddfdbc-ee2b-4dd5-a754-b317cf06470a;ca70a7e6-0ea4-4e90-a947-d44585783626;OBD_2024_I;69;2024-Q4;XPS-DÃ¤mmstoff;40;XPS;EV-;RC+;0.25;Putze, Klebespachtel (WDVS), Alukaschierung, Gipskarton;S3
c4ddfdbc-ee2b-4dd5-a754-b317cf06470a;ca70a7e6-0ea4-4e90-a947-d44585783626;OBD_2024_I;69;2024-Q4;XPS-DÃ¤mmstoff;40;XPS;EV-;RC+;0.25;verunreinigt mit bitumen, putze, klebespachtel, klebstoffe;S3
6869f7c1-1b2b-4f30-afc9-823a0104f1d9;ca70a7e6-0ea4-4e90-a947-d44585783626;OBD_2024_I;47;2024-Q4;Dampfbremse PE;16;KSTBahn;EV-;EV-;0.0;ohne Fremd-/Störstoffe;S0
6869f7c1-1b2b-4f30-afc9-823a0104f1d9;ca70a7e6-0ea4-4e90-a947-d44585783626;OBD_2024_I;47;2024-Q4;Dampfbremse PE;16;KSTBahn;EV-;EV-;0.0;klebereste;S3
f6861618-5a92-4c3a-94ba-9f7329b29662;ca70a7e6-0ea4-4e90-a947-d44585783626;OBD_2024_I;14;2024-Q4;Bewehrungsstahl;10;Stahl - Bewehrung;CL+;CL+;1.0;beton (stahlbeton);S2
fb5aca98-636a-4dcb-b0dd-9ed09117486e;ca70a7e6-0ea4-4e90-a947-d44585783626;OBD_2024_I;293;2024-Q4;Stahl warmgewalzte Bleche (2-20mm);127;Stahl - Stahlblech;CL+;CL+;1.0;ohne Fremd-/Störstoffe;S0
fb5aca98-636a-4dcb-b0dd-9ed09117486e;ca70a7e6-0ea4-4e90-a947-d44585783626;OBD_2024_I;293;2024-Q4;Stahl warmgewalzte Bleche (2-20mm);127;Stahl - Stahlblech;CL+;CL+;1.0;beschichtet;S2
5618689c-57a8-4860-85d3-7403ad5ba201;ca70a7e6-0ea4-4e90-a947-d44585783626;OBD_2024_I;305;2024-Q4;Steinzeugfliesen glasiert;128;Keramik - Boden;RC-;RC-;1.0;ohne Fremd-/Störstoffe;S0
5618689c-57a8-4860-85d3-7403ad5ba201;ca70a7e6-0ea4-4e90-a947-d44585783626;OBD_2024_I;305;2024-Q4;Steinzeugfliesen glasiert;128;Keramik - Boden;RC-;RC-;1.0;kalkmörtel (leicht trennbar);S1
5618689c-57a8-4860-85d3-7403ad5ba201;ca70a7e6-0ea4-4e90-a947-d44585783626;OBD_2024_I;305;2024-Q4;Steinzeugfliesen glasiert;128;Keramik - Boden;RC-;RC-;1.0;kalkzementmörtel, imprägnierung;S2
52ac8701-d612-4cc9-8037-b2dc2a293a8c;ca70a7e6-0ea4-4e90-a947-d44585783626;OBD_2024_I;236;2024-Q4;Polyethylen-Schaum;109;KSTDÃ¤mm (PE);EV-;EV-;0.0;ohne Fremd-/Störstoffe;S0
52ac8701-d612-4cc9-8037-b2dc2a293a8c;ca70a7e6-0ea4-4e90-a947-d44585783626;OBD_2024_I;236;2024-Q4;Polyethylen-Schaum;109;KSTDÃ¤mm (PE);EV-;EV-;0.0;verunreinigt mit bitumen, putze, klebespachtel, klebstoffe;S3
91935678-1a09-43e0-8a84-294522407ac3;ca70a7e6-0ea4-4e90-a947-d44585783626;OBD_2024_I;306;2024-Q4;Steinzeugfliesen unglasiert;128;Keramik - Boden;RC-;RC-;1.0;ohne Fremd-/Störstoffe;S0
91935678-1a09-43e0-8a84-294522407ac3;ca70a7e6-0ea4-4e90-a947-d44585783626;OBD_2024_I;306;2024-Q4;Steinzeugfliesen unglasiert;128;Keramik - Boden;RC-;RC-;1.0;kalkmörtel (leicht trennbar);S1
91935678-1a09-43e0-8a84-294522407ac3;ca70a7e6-0ea4-4e90-a947-d44585783626;OBD_2024_I;306;2024-Q4;Steinzeugfliesen unglasiert;128;Keramik - Boden;RC-;RC-;1.0;kalkzementmörtel, imprägnierung;S2
ab14e105-1768-4cd7-bcd2-3436c16fad16;ca70a7e6-0ea4-4e90-a947-d44585783626;OBD_2024_I;249;2024-Q4;PVC-Dachbahnen - nicht rÃ¼ckbaubar (Neueinstuf.);118;PVC-Folie - verklebt oder nicht rÃ¼ckbaubar;EB;EB;0.0;klebereste;S4
89318772-3a50-4f56-9839-d0a8c702e396;ca70a7e6-0ea4-4e90-a947-d44585783626;OBD_2024_I;290;2024-Q4;Stahl Feinblech (0,3-3,0mm), unverzinkt;127;Stahl - Stahlblech;CL+;CL+;1.0;ohne Fremd-/Störstoffe;S0
89318772-3a50-4f56-9839-d0a8c702e396;ca70a7e6-0ea4-4e90-a947-d44585783626;OBD_2024_I;290;2024-Q4;Stahl Feinblech (0,3-3,0mm), unverzinkt;127;Stahl - Stahlblech;CL+;CL+;1.0;beschichtet;S2
fde18fdc-ca6b-41d3-9918-aab96177fc24;ca70a7e6-0ea4-4e90-a947-d44585783626;OBD_2024_I;246;2024-Q4;PVC FuÃbodenbelag;116;PVC-Belag;EB;SV;0.75;ohne Fremd-/Störstoffe;S0
fde18fdc-ca6b-41d3-9918-aab96177fc24;ca70a7e6-0ea4-4e90-a947-d44585783626;OBD_2024_I;246;2024-Q4;PVC FuÃbodenbelag;116;PVC-Belag;EB;SV;0.75;Klebstoff-, Bodenbelagsreste, Trennfolien;S2
8f6daa87-b2ee-4eb0-95e0-737ac8c6a59f;ca70a7e6-0ea4-4e90-a947-d44585783626;OBD_2024_I;277;2024-Q4;SchÃ¼ttung aus Polystyrolschaumstoff-Partikeln (zementgebunden);124;SchÃ¼ttung organ./min. gebunden;Dep-;Dep-;0.0;ohne Fremd-/Störstoffe;S0
8f6daa87-b2ee-4eb0-95e0-737ac8c6a59f;ca70a7e6-0ea4-4e90-a947-d44585783626;OBD_2024_I;277;2024-Q4;SchÃ¼ttung aus Polystyrolschaumstoff-Partikeln (zementgebunden);124;SchÃ¼ttung organ./min. gebunden;Dep-;Dep-;0.0;kunststoff-, bitumenbahnen;S3
01f45a03-460d-4e55-b5c9-72d3e8eda18e;ca70a7e6-0ea4-4e90-a947-d44585783626;OBD_2024_I;238;2024-Q4;Porenbeton Granulat;113;Porenbeton-Granulat;Dep+;RC+;0.75;ohne Fremd-/Störstoffe;S0
01f45a03-460d-4e55-b5c9-72d3e8eda18e;ca70a7e6-0ea4-4e90-a947-d44585783626;OBD_2024_I;238;2024-Q4;Porenbeton Granulat;113;Porenbeton-Granulat;Dep+;RC+;0.75;"feinkörn. Material (Putze, Mörtel); org. Verbind., Bitumenreste, Gips in geringen Mengen (z.B. Feuchteabdichtungen, Spachteln, Anstriche)";S2
01f45a03-460d-4e55-b5c9-72d3e8eda18e;ca70a7e6-0ea4-4e90-a947-d44585783626;OBD_2024_I;238;2024-Q4;Porenbeton Granulat;113;Porenbeton-Granulat;Dep+;RC+;0.75;"org. V., Bitumen, Gips, Leichtanteile in größeren Mengen (z.B. Gipsputz, Bitumendickschicht, Folien, Flüssigabdichtungen, Dämmstoffreste); Epoxidharz in geringen Mengen (Fugenmassen bei WU Beton, Feuchteabdichtung)";S3
;ca70a7e6-0ea4-4e90-a947-d44585783626;OBD_2024_I;288;2024-Q4;SplittschÃ¼ttung mineral. geb.;125;SchÃ¼ttung min./min. gebunden;RC-;RC-;1.0;ohne Fremd-/Störstoffe;S0
;ca70a7e6-0ea4-4e90-a947-d44585783626;OBD_2024_I;288;2024-Q4;SplittschÃ¼ttung mineral. geb.;125;SchÃ¼ttung min./min. gebunden;RC-;RC-;1.0;kunststoff-, bitumenbahnen;S3
c4293a12-5023-4e57-bdcd-9b52fbfa6a58;ca70a7e6-0ea4-4e90-a947-d44585783626;OBD_2024_I;46;2024-Q4;Dampfbremse PA;16;KSTBahn;EV-;EV-;0.0;ohne Fremd-/Störstoffe;S0
c4293a12-5023-4e57-bdcd-9b52fbfa6a58;ca70a7e6-0ea4-4e90-a947-d44585783626;OBD_2024_I;46;2024-Q4;Dampfbremse PA;16;KSTBahn;EV-;EV-;0.0;klebereste;S3
ee8691c4-00f9-4724-bb79-8043c62ce41e;ca70a7e6-0ea4-4e90-a947-d44585783626;OBD_2024_I;309;2024-Q4;Thermisch behandeltes Holz;130;Holz - therm. Behandelt;EV+;EV+;0.0;ohne Fremd-/Störstoffe;S0
ee8691c4-00f9-4724-bb79-8043c62ce41e;ca70a7e6-0ea4-4e90-a947-d44585783626;OBD_2024_I;309;2024-Q4;Thermisch behandeltes Holz;130;Holz - therm. Behandelt;EV+;EV+;0.0;naturfarbe (öl, wachs, lasur);S1
ee8691c4-00f9-4724-bb79-8043c62ce41e;ca70a7e6-0ea4-4e90-a947-d44585783626;OBD_2024_I;309;2024-Q4;Thermisch behandeltes Holz;130;Holz - therm. Behandelt;EV+;EV+;0.0;geringfügig verunreinigt (konv. Besch, Klebstoffreste, Belagsreste, Bitumenreste);S2
ee8691c4-00f9-4724-bb79-8043c62ce41e;ca70a7e6-0ea4-4e90-a947-d44585783626;OBD_2024_I;309;2024-Q4;Thermisch behandeltes Holz;130;Holz - therm. Behandelt;EV+;EV+;0.0;problematische beschichtung (schwermetalle, halogene, biozide);S4
19c8f194-c3ab-4797-9b1a-8f1788bf12d8;ca70a7e6-0ea4-4e90-a947-d44585783626;OBD_2024_I;205;2024-Q4;Mehrschichtparkett  (unproblem. beschichtet);105;Parkett;RC-;RC-;1.0;nägel;S1
19c8f194-c3ab-4797-9b1a-8f1788bf12d8;ca70a7e6-0ea4-4e90-a947-d44585783626;OBD_2024_I;205;2024-Q4;Mehrschichtparkett  (unproblem. beschichtet);105;Parkett;RC-;RC-;1.0;problematische beschichtung (schwermetalle, halogene, biozide);S4
a5b22bbe-175d-4aef-bb19-4954e699eb8c;ca70a7e6-0ea4-4e90-a947-d44585783626;OBD_2024_I;301;2024-Q4;Mineralwolle (Innenausbau-DÃ¤mmung);107;Mineralwolle Steinwolle;Dep-;RC-;0.5;ohne Fremd-/Störstoffe;S0
a5b22bbe-175d-4aef-bb19-4954e699eb8c;ca70a7e6-0ea4-4e90-a947-d44585783626;OBD_2024_I;301;2024-Q4;Mineralwolle (Innenausbau-DÃ¤mmung);107;Mineralwolle Steinwolle;Dep-;RC-;0.5;kaschierung, gipskarton, putze, klebespachtel;S3
3f764d2e-320b-4996-8c28-0f38e8971044;ca70a7e6-0ea4-4e90-a947-d44585783626;OBD_2024_I;341;2024-Q4;Zellulosefaserplatten;137;Zellulosefaserplatten;EV-;EV-;0.0;ohne Fremd-/Störstoffe;S0
3f764d2e-320b-4996-8c28-0f38e8971044;ca70a7e6-0ea4-4e90-a947-d44585783626;OBD_2024_I;341;2024-Q4;Zellulosefaserplatten;137;Zellulosefaserplatten;EV-;EV-;0.0;putz, klebespachtel, klebstoff;S3
143a4df2-563e-4ef9-b75b-90e1cf9f7ef9;ca70a7e6-0ea4-4e90-a947-d44585783626;OBD_2024_I;3;2024-Q4;Aluminiumblech;2;Alu unbeschichtet od. eloxiert (Sz. Knetleg zu Guss);RC+;CL+;0.75;ohne Fremd-/Störstoffe;S0
143a4df2-563e-4ef9-b75b-90e1cf9f7ef9;ca70a7e6-0ea4-4e90-a947-d44585783626;OBD_2024_I;3;2024-Q4;Aluminiumblech;2;Alu unbeschichtet od. eloxiert (Sz. Knetleg zu Guss);RC+;CL+;0.75;beschichtet;S2
60311c13-53d4-4cee-8777-1f9c9889b770;ca70a7e6-0ea4-4e90-a947-d44585783626;OBD_2024_I;300;2024-Q4;Mineralwolle (Flachdach-DÃ¤mmung);107;Mineralwolle Steinwolle;Dep-;RC-;0.5;ohne Fremd-/Störstoffe;S0
60311c13-53d4-4cee-8777-1f9c9889b770;ca70a7e6-0ea4-4e90-a947-d44585783626;OBD_2024_I;300;2024-Q4;Mineralwolle (Flachdach-DÃ¤mmung);107;Mineralwolle Steinwolle;Dep-;RC-;0.5;kaschierung, gipskarton, putze, klebespachtel;S3
50d421e2-3a7b-4659-92a4-f20d6a52fcf0;ca70a7e6-0ea4-4e90-a947-d44585783626;OBD_2024_I;299;2024-Q4;Mineralwolle (Fassaden-DÃ¤mmung);107;Mineralwolle Steinwolle;Dep-;RC-;0.5;ohne Fremd-/Störstoffe;S0
50d421e2-3a7b-4659-92a4-f20d6a52fcf0;ca70a7e6-0ea4-4e90-a947-d44585783626;OBD_2024_I;299;2024-Q4;Mineralwolle (Fassaden-DÃ¤mmung);107;Mineralwolle Steinwolle;Dep-;RC-;0.5;kaschierung, gipskarton, putze, klebespachtel;S3
5fac6347-55b0-47be-9118-d8229d7e62c4;ca70a7e6-0ea4-4e90-a947-d44585783626;OBD_2024_I;340;2024-Q4;Zellulosefaser Einblas-DÃ¤mmstoff;136;Zellulosefaserflocken;EV-;RC+;0.75;ohne Fremd-/Störstoffe;S0
ac779922-219f-4730-9aef-a7da84d334c1;ca70a7e6-0ea4-4e90-a947-d44585783626;OBD_2024_I;298;2024-Q4;Mineralwolle (Boden-DÃ¤mmung);107;Mineralwolle Steinwolle;Dep-;RC-;0.5;ohne Fremd-/Störstoffe;S0
ac779922-219f-4730-9aef-a7da84d334c1;ca70a7e6-0ea4-4e90-a947-d44585783626;OBD_2024_I;298;2024-Q4;Mineralwolle (Boden-DÃ¤mmung);107;Mineralwolle Steinwolle;Dep-;RC-;0.5;kaschierung, gipskarton, putze, klebespachtel;S3
4160dc95-17a6-49c0-9a56-66d062c5c632;ca70a7e6-0ea4-4e90-a947-d44585783626;OBD_2024_I;208;2024-Q4;Mineralfaser Deckenplatten (Dicke 0,015 m);107;Mineralwolle Steinwolle;Dep-;RC-;0.5;ohne Fremd-/Störstoffe;S0
4160dc95-17a6-49c0-9a56-66d062c5c632;ca70a7e6-0ea4-4e90-a947-d44585783626;OBD_2024_I;208;2024-Q4;Mineralfaser Deckenplatten (Dicke 0,015 m);107;Mineralwolle Steinwolle;Dep-;RC-;0.5;kaschierung, gipskarton, putze, klebespachtel;S3
d3661bd8-0107-4081-987b-4bdd5cfcb68d;ca70a7e6-0ea4-4e90-a947-d44585783626;OBD_2024_I;302;2024-Q4;Mineralwolle (SchrÃ¤gdach-DÃ¤mmung);107;Mineralwolle Steinwolle;Dep-;RC-;0.5;ohne Fremd-/Störstoffe;S0
d3661bd8-0107-4081-987b-4bdd5cfcb68d;ca70a7e6-0ea4-4e90-a947-d44585783626;OBD_2024_I;302;2024-Q4;Mineralwolle (SchrÃ¤gdach-DÃ¤mmung);107;Mineralwolle Steinwolle;Dep-;RC-;0.5;kaschierung, gipskarton, putze, klebespachtel;S3
91412f3f-6077-44d4-9c9d-95c543bcb419;ca70a7e6-0ea4-4e90-a947-d44585783626;OBD_2024_I;24;2024-Q4;Polyisobutylen (PIB) Kunststoffdachbahn;16;KSTBahn;EV-;EV-;0.0;ohne Fremd-/Störstoffe;S0
91412f3f-6077-44d4-9c9d-95c543bcb419;ca70a7e6-0ea4-4e90-a947-d44585783626;OBD_2024_I;24;2024-Q4;Polyisobutylen (PIB) Kunststoffdachbahn;16;KSTBahn;EV-;EV-;0.0;klebereste;S3
498cd894-8ae6-458c-b874-9022cb148409;ca70a7e6-0ea4-4e90-a947-d44585783626;OBD_2024_I;43;2024-Q4;Dachbahnen EPDM;16;KSTBahn;EV-;EV-;0.0;ohne Fremd-/Störstoffe;S0
498cd894-8ae6-458c-b874-9022cb148409;ca70a7e6-0ea4-4e90-a947-d44585783626;OBD_2024_I;43;2024-Q4;Dachbahnen EPDM;16;KSTBahn;EV-;EV-;0.0;klebereste;S3
daba3305-6fa0-4035-bcd7-0e3534a01586;ca70a7e6-0ea4-4e90-a947-d44585783626;OBD_2024_I;304;2024-Q4;Steinwolle Heizungsrohrschale;107;Mineralwolle Steinwolle;Dep-;RC-;0.5;ohne Fremd-/Störstoffe;S0
daba3305-6fa0-4035-bcd7-0e3534a01586;ca70a7e6-0ea4-4e90-a947-d44585783626;OBD_2024_I;304;2024-Q4;Steinwolle Heizungsrohrschale;107;Mineralwolle Steinwolle;Dep-;RC-;0.5;kaschierung, gipskarton, putze, klebespachtel;S3
86d919ee-8f30-4ca4-9b7e-717aecba6ac0;ca70a7e6-0ea4-4e90-a947-d44585783626;OBD_2024_I;342;2024-Q4;Zementestrich;138;Estrich CT - Zementestrich;Dep+;RC-;0.25;ohne Fremd-/Störstoffe;S0
86d919ee-8f30-4ca4-9b7e-717aecba6ac0;ca70a7e6-0ea4-4e90-a947-d44585783626;OBD_2024_I;342;2024-Q4;Zementestrich;138;Estrich CT - Zementestrich;Dep+;RC-;0.25;geringfügig verunreinigt (konv. Besch, Klebstoffreste, Belagsreste, Bitumenreste);S2
86d919ee-8f30-4ca4-9b7e-717aecba6ac0;ca70a7e6-0ea4-4e90-a947-d44585783626;OBD_2024_I;342;2024-Q4;Zementestrich;138;Estrich CT - Zementestrich;Dep+;RC-;0.25;"Heizungsverteilrohre; verunreinigt mit Dämmstoff, Kunststoff/Bitumen (Bahnen, Beschichtungen, Flüssigfolie/-abdichtung)";S3
3feca796-791b-46d3-8160-95ef243ffb9d;ca70a7e6-0ea4-4e90-a947-d44585783626;OBD_2024_I;2;2024-Q4;Aluminium Profil;2;Alu unbeschichtet od. eloxiert (Sz. Knetleg zu Guss);RC+;CL+;0.75;ohne Fremd-/Störstoffe;S0
3feca796-791b-46d3-8160-95ef243ffb9d;ca70a7e6-0ea4-4e90-a947-d44585783626;OBD_2024_I;2;2024-Q4;Aluminium Profil;2;Alu unbeschichtet od. eloxiert (Sz. Knetleg zu Guss);RC+;CL+;0.75;beschichtet;S2
5ad90c89-55b4-495f-9879-9b19356a2d1a;ca70a7e6-0ea4-4e90-a947-d44585783626;OBD_2024_I;303;2024-Q4;Steinwolle FlachdÃ¤mmplatte;107;Mineralwolle Steinwolle;Dep-;RC-;0.5;ohne Fremd-/Störstoffe;S0
5ad90c89-55b4-495f-9879-9b19356a2d1a;ca70a7e6-0ea4-4e90-a947-d44585783626;OBD_2024_I;303;2024-Q4;Steinwolle FlachdÃ¤mmplatte;107;Mineralwolle Steinwolle;Dep-;RC-;0.5;kaschierung, gipskarton, putze, klebespachtel;S3
;;;9;2024-Q4;Beton - Carbonfasern / Textilbeton ;8;Beton - Carbonfasern ;Dep-;Dep-;0.0;ohne Fremd-/Störstoffe;S0
;;;9;2024-Q4;Beton - Carbonfasern / Textilbeton ;8;Beton - Carbonfasern ;Dep-;Dep-;0.0;"feinkörn. Material (Putze, Mörtel); org. Verbind., Bitumenreste, Gips in geringen Mengen (z.B. Feuchteabdichtungen, Spachteln, Anstriche)";S2
;;;9;2024-Q4;Beton - Carbonfasern / Textilbeton ;8;Beton - Carbonfasern ;Dep-;Dep-;0.0;"org. V., Bitumen, Gips, Leichtanteile in größeren Mengen (z.B. Gipsputz, Bitumendickschicht, Folien, Flüssigabdichtungen, Dämmstoffreste); Epoxidharz in geringen Mengen (Fugenmassen bei WU Beton, Feuchteabdichtung)";S3
;;;9;2024-Q4;Beton - Carbonfasern / Textilbeton ;8;Beton - Carbonfasern ;Dep-;Dep-;0.0;reaktionsharzbeschichtung (z.b. kunstharzbelag);S4
;;;61;2024-Q4;Elastomer-Dachbahnen;16;KSTBahn;EV-;EV-;0.0;ohne Fremd-/Störstoffe;S0
;;;61;2024-Q4;Elastomer-Dachbahnen;16;KSTBahn;EV-;EV-;0.0;klebereste;S3
;;;233;2024-Q4;PIB-Dachbahnen (Polyisobutylen);16;KSTBahn;EV-;EV-;0.0;ohne Fremd-/Störstoffe;S0
;;;233;2024-Q4;PIB-Dachbahnen (Polyisobutylen);16;KSTBahn;EV-;EV-;0.0;klebereste;S3
;;;243;2024-Q4;PP-/PE Folie;16;KSTBahn;EV-;EV-;0.0;ohne Fremd-/Störstoffe;S0
;;;243;2024-Q4;PP-/PE Folie;16;KSTBahn;EV-;EV-;0.0;klebereste;S3
;;;26;2024-Q4;BlÃ¤hglasgranulatplatte;17;Leichtbeton - best case;SV;RC-;0.25;ohne Fremd-/Störstoffe;S0
;;;26;2024-Q4;BlÃ¤hglasgranulatplatte;17;Leichtbeton - best case;SV;RC-;0.25;"feinkörn. Material (Putze, Mörtel); org. Verbind., Bitumenreste, Gips in geringen Mengen (z.B. Feuchteabdichtungen, Spachteln, Anstriche)";S2
;;;26;2024-Q4;BlÃ¤hglasgranulatplatte;17;Leichtbeton - best case;SV;RC-;0.25;"org. V., Bitumen, Gips, Leichtanteile in größeren Mengen (z.B. Gipsputz, Bitumendickschicht, Folien, Flüssigabdichtungen, Dämmstoffreste); Epoxidharz in geringen Mengen (Fugenmassen bei WU Beton, Feuchteabdichtung)";S3
;;;27;2024-Q4;BlÃ¤hperlit-Platten;18;Mineralplatte;Dep+;SV;0.75;ohne Fremd-/Störstoffe;S0
;;;27;2024-Q4;BlÃ¤hperlit-Platten;18;Mineralplatte;Dep+;SV;0.75;Putze, Klebespachtel (WDVS), Alukaschierung, Gipskarton;S2
;;;51;2024-Q4;DFF: Alu-Kunststoff-Komposit [kg/mÂ² Rahmen];20;PVC hart;SV;SV;0.0;metallteile;S1
;;;54;2024-Q4;DFF: Kunststoffrahmen PVC  [kg/mÂ² Rahmen];20;PVC hart;SV;SV;0.0;metallteile;S1
;;;83;2024-Q4;Kunststoffrahmen PVC mit Aludeckschale [kg/mÂ² Rahmen];20;PVC hart;SV;SV;0.0;metallteile;S1
;;;220;2024-Q4;OSB Platte;32;Holzwerkstoff - nicht beschichtet;RC+;RC+;1.0;dampfdruckausgleichsschicht (bitumenbahnen mit metalleinlage);S2
;;;220;2024-Q4;OSB Platte;32;Holzwerkstoff - nicht beschichtet;RC+;RC+;1.0;verunreinigt mit dämmstoff, kunststoff/bitumen (bahnen, beschichtungen);S3
;;;110;2024-Q4;HanfdÃ¤mmplatte (druckbelastet);47;DS Pflanzenfaser mit Zusatzstoffen (FSM, Bindemittel);EV-;EV-;0.0;ohne Fremd-/Störstoffe;S0
;;;110;2024-Q4;HanfdÃ¤mmplatte (druckbelastet);47;DS Pflanzenfaser mit Zusatzstoffen (FSM, Bindemittel);EV-;EV-;0.0;putz, klebespachtel, klebstoff;S3
;;;110;2024-Q4;HanfdÃ¤mmplatte (druckbelastet);47;DS Pflanzenfaser mit Zusatzstoffen (FSM, Bindemittel);EV-;EV-;0.0;putz;S3
;;;111;2024-Q4;HanfdÃ¤mmplatte (nicht druckbelastet);47;DS Pflanzenfaser mit Zusatzstoffen (FSM, Bindemittel);EV-;EV-;0.0;ohne Fremd-/Störstoffe;S0
;;;111;2024-Q4;HanfdÃ¤mmplatte (nicht druckbelastet);47;DS Pflanzenfaser mit Zusatzstoffen (FSM, Bindemittel);EV-;EV-;0.0;putz, klebespachtel, klebstoff;S3
;;;111;2024-Q4;HanfdÃ¤mmplatte (nicht druckbelastet);47;DS Pflanzenfaser mit Zusatzstoffen (FSM, Bindemittel);EV-;EV-;0.0;putz;S3
;;;116;2024-Q4;Hochlochziegel (hochporosiert), ohne MÃ¶rtel / Kleb.;64;Ziegel - HLZ hochporosiert;SV;RC-;0.75;ohne Fremd-/Störstoffe;S0
;;;116;2024-Q4;Hochlochziegel (hochporosiert), ohne MÃ¶rtel / Kleb.;64;Ziegel - HLZ hochporosiert;SV;RC-;0.75;"feinkörn. Material (Putze, Mörtel); org. Verbind., Bitumenreste, Gips in geringen Mengen (z.B. Feuchteabdichtungen, Spachteln, Anstriche)";S2
;;;116;2024-Q4;Hochlochziegel (hochporosiert), ohne MÃ¶rtel / Kleb.;64;Ziegel - HLZ hochporosiert;SV;RC-;0.75;"org. V., Bitumen, Gips, Leichtanteile in größeren Mengen (z.B. Gipsputz, Bitumendickschicht, Folien, Flüssigabdichtungen, Dämmstoffreste); Epoxidharz in geringen Mengen (Fugenmassen bei WU Beton, Feuchteabdichtung)";S3
;;;117;2024-Q4;Hochlochziegel mineralisch gefÃ¼llt, ohne MÃ¶rtel / Kleb.;65;Ziegel mineralisch gefÃ¼llt;Dep+;RC-;0.75;ohne Fremd-/Störstoffe;S0
;;;117;2024-Q4;Hochlochziegel mineralisch gefÃ¼llt, ohne MÃ¶rtel / Kleb.;65;Ziegel mineralisch gefÃ¼llt;Dep+;RC-;0.75;"feinkörn. Material (Putze, Mörtel); org. Verbind., Bitumenreste, Gips in geringen Mengen (z.B. Feuchteabdichtungen, Spachteln, Anstriche)";S2
;;;117;2024-Q4;Hochlochziegel mineralisch gefÃ¼llt, ohne MÃ¶rtel / Kleb.;65;Ziegel mineralisch gefÃ¼llt;Dep+;RC-;0.75;"org. V., Bitumen, Gips, Leichtanteile in größeren Mengen (z.B. Gipsputz, Bitumendickschicht, Folien, Flüssigabdichtungen, Dämmstoffreste); Epoxidharz in geringen Mengen (Fugenmassen bei WU Beton, Feuchteabdichtung)";S3
;;;120;2024-Q4;Holzdielenboden - unproblem. Beschichtet;67;Holzdielenboden;RC+;CL-;1.0;ohne Fremd-/Störstoffe;S0
;;;120;2024-Q4;Holzdielenboden - unproblem. Beschichtet;67;Holzdielenboden;RC+;CL-;1.0;naturfarbe (öl, wachs, lasur);S1
;;;120;2024-Q4;Holzdielenboden - unproblem. Beschichtet;67;Holzdielenboden;RC+;CL-;1.0;geringfügig verunreinigt (konv. Besch, Klebstoffreste, Belagsreste, Bitumenreste);S2
;;;120;2024-Q4;Holzdielenboden - unproblem. Beschichtet;67;Holzdielenboden;RC+;CL-;1.0;problematische beschichtung (schwermetalle, halogene, biozide);S4
;;;120;2024-Q4;Holzdielenboden - unproblem. Beschichtet;67;Holzdielenboden;RC+;CL-;1.0;Klebstoff-, Bodenbelagsreste, Trennfolien;S2
;;;136;2024-Q4;InnentÃ¼r (Vollspanplatte), Fl.gew.23 kg/mÂ², laminiert oder lackiert;73;InnentÃ¼r - Spanplatte;EV-;RC-;0.75;ohne Fremd-/Störstoffe;S0
;;;136;2024-Q4;InnentÃ¼r (Vollspanplatte), Fl.gew.23 kg/mÂ², laminiert oder lackiert;73;InnentÃ¼r - Spanplatte;EV-;RC-;0.75;metallteile;S1
;;;136;2024-Q4;InnentÃ¼r (Vollspanplatte), Fl.gew.23 kg/mÂ², laminiert oder lackiert;73;InnentÃ¼r - Spanplatte;EV-;RC-;0.75;geringfügig verunreinigt (konv. Besch, Klebstoffreste, Belagsreste, Bitumenreste);S2
;;;136;2024-Q4;InnentÃ¼r (Vollspanplatte), Fl.gew.23 kg/mÂ², laminiert oder lackiert;73;InnentÃ¼r - Spanplatte;EV-;RC-;0.75;problematische beschichtung (schwermetalle, halogene, biozide);S4
;;;137;2024-Q4;InnentÃ¼r (Vollspanplatte), Fl.gew.34 kg/mÂ², laminiert oder lackiert;73;InnentÃ¼r - Spanplatte;EV-;RC-;0.75;ohne Fremd-/Störstoffe;S0
;;;137;2024-Q4;InnentÃ¼r (Vollspanplatte), Fl.gew.34 kg/mÂ², laminiert oder lackiert;73;InnentÃ¼r - Spanplatte;EV-;RC-;0.75;metallteile;S1
;;;137;2024-Q4;InnentÃ¼r (Vollspanplatte), Fl.gew.34 kg/mÂ², laminiert oder lackiert;73;InnentÃ¼r - Spanplatte;EV-;RC-;0.75;geringfügig verunreinigt (konv. Besch, Klebstoffreste, Belagsreste, Bitumenreste);S2
;;;137;2024-Q4;InnentÃ¼r (Vollspanplatte), Fl.gew.34 kg/mÂ², laminiert oder lackiert;73;InnentÃ¼r - Spanplatte;EV-;RC-;0.75;problematische beschichtung (schwermetalle, halogene, biozide);S4
;;;279;2024-Q4;Silikatputz;83;organ. Putz;Dep-;Dep-;0.0;ohne Fremd-/Störstoffe;S0
;;;281;2024-Q4;Silikonharzputz;83;organ. Putz;Dep-;Dep-;0.0;ohne Fremd-/Störstoffe;S0
;;;182;2024-Q4;Lehmbauplatte;90;Lehmbauplatte;SV;CL+;0.75;Lehmputz, Lehmfarbe;S1
;;;182;2024-Q4;Lehmbauplatte;90;Lehmbauplatte;SV;CL+;0.75;Verunreinigungen mit natürl. Materialien (Naturfarbe, Kalkmörtel, Armierungsgewebe);S2
;;;182;2024-Q4;Lehmbauplatte;90;Lehmbauplatte;SV;CL+;0.75;"konvent. wandfarbe; zement, kalk, gips, kunststoffe";S3
;;;182;2024-Q4;Lehmbauplatte;90;Lehmbauplatte;SV;CL+;0.75;problematische beschichtung (schwermetalle, halogene, biozide);S4
;;;185;2024-Q4;Lehm-Klebe- und HaftmÃ¶rtel;93;Lehmputz;SV;CL+;0.75;ohne Fremd-/Störstoffe;S0
;;;185;2024-Q4;Lehm-Klebe- und HaftmÃ¶rtel;93;Lehmputz;SV;CL+;0.75;Lehmputz, Lehmfarbe;S1
;;;185;2024-Q4;Lehm-Klebe- und HaftmÃ¶rtel;93;Lehmputz;SV;CL+;0.75;Verunreinigungen mit natürl. Materialien (Naturfarbe, Kalkmörtel, Armierungsgewebe);S2
;;;185;2024-Q4;Lehm-Klebe- und HaftmÃ¶rtel;93;Lehmputz;SV;CL+;0.75;konvent. wandfarbe, problematische beschichtung  (schwermetalle, halogene, biozide);S4
;;;186;2024-Q4;Lehmputz;93;Lehmputz;SV;CL+;0.75;ohne Fremd-/Störstoffe;S0
;;;186;2024-Q4;Lehmputz;93;Lehmputz;SV;CL+;0.75;Lehmputz, Lehmfarbe;S1
;;;186;2024-Q4;Lehmputz;93;Lehmputz;SV;CL+;0.75;Verunreinigungen mit natürl. Materialien (Naturfarbe, Kalkmörtel, Armierungsgewebe);S2
;;;186;2024-Q4;Lehmputz;93;Lehmputz;SV;CL+;0.75;konvent. wandfarbe, problematische beschichtung  (schwermetalle, halogene, biozide);S4
;;;195;2024-Q4;Leichtlehm (Stroh-Lehm-Gemisch);100;Leichtlehm (organ./mineral.);SV;RC-;0.75;Lehmputz, Lehmfarbe;S1
;;;195;2024-Q4;Leichtlehm (Stroh-Lehm-Gemisch);100;Leichtlehm (organ./mineral.);SV;RC-;0.75;Verunreinigungen mit natürl. Materialien (Naturfarbe, Kalkmörtel, Armierungsgewebe);S2
;;;195;2024-Q4;Leichtlehm (Stroh-Lehm-Gemisch);100;Leichtlehm (organ./mineral.);SV;RC-;0.75;"konvent. wandfarbe; zement, kalk, gips, kunststoffe";S3
;;;195;2024-Q4;Leichtlehm (Stroh-Lehm-Gemisch);100;Leichtlehm (organ./mineral.);SV;RC-;0.75;problematische beschichtung (schwermetalle, halogene, biozide);S4
;;;195;2024-Q4;Leichtlehm (Stroh-Lehm-Gemisch);100;Leichtlehm (organ./mineral.);SV;RC-;0.75;pur-, pir-reste;S2
;;;196;2024-Q4;Leichtlehmputz;100;Leichtlehm (organ./mineral.);SV;RC-;0.75;Lehmputz, Lehmfarbe;S1
;;;196;2024-Q4;Leichtlehmputz;100;Leichtlehm (organ./mineral.);SV;RC-;0.75;Verunreinigungen mit natürl. Materialien (Naturfarbe, Kalkmörtel, Armierungsgewebe);S2
;;;196;2024-Q4;Leichtlehmputz;100;Leichtlehm (organ./mineral.);SV;RC-;0.75;"konvent. wandfarbe; zement, kalk, gips, kunststoffe";S3
;;;196;2024-Q4;Leichtlehmputz;100;Leichtlehm (organ./mineral.);SV;RC-;0.75;problematische beschichtung (schwermetalle, halogene, biozide);S4
;;;196;2024-Q4;Leichtlehmputz;100;Leichtlehm (organ./mineral.);SV;RC-;0.75;pur-, pir-reste;S2
;;;223;2024-Q4;PE Weichschaum;109;KSTDÃ¤mm (PE);EV-;EV-;0.0;ohne Fremd-/Störstoffe;S0
;;;223;2024-Q4;PE Weichschaum;109;KSTDÃ¤mm (PE);EV-;EV-;0.0;verunreinigt mit bitumen, putze, klebespachtel, klebstoffe;S3
;;;225;2024-Q4;PE-Drainageplatten;109;KSTDÃ¤mm (PE);EV-;EV-;0.0;ohne Fremd-/Störstoffe;S0
;;;225;2024-Q4;PE-Drainageplatten;109;KSTDÃ¤mm (PE);EV-;EV-;0.0;verunreinigt mit bitumen, putze, klebespachtel, klebstoffe;S3
;;;248;2024-Q4;PVC-Dachbahnen;117;PVC-Folie;EB;SV;0.5;ohne Fremd-/Störstoffe;S0
;;;260;2024-Q4;Schafwolle (ohne Zusatzstoffe);120;Schafwolle;EV-;RC+;0.75;ohne Fremd-/Störstoffe;S0
;;;260;2024-Q4;Schafwolle (ohne Zusatzstoffe);120;Schafwolle;EV-;RC+;0.75;kaschierung, gipskarton, putze, klebespachtel;S3
;;;286;2024-Q4;Splitt 2/8, dauerelastisch gebunden (Latex, sonstige Polymere);124;SchÃ¼ttung organ./min. gebunden;Dep-;Dep-;0.0;ohne Fremd-/Störstoffe;S0
;;;286;2024-Q4;Splitt 2/8, dauerelastisch gebunden (Latex, sonstige Polymere);124;SchÃ¼ttung organ./min. gebunden;Dep-;Dep-;0.0;kunststoff-, bitumenbahnen;S3
