oekobaudatProcessUuid;oekobaudatDatastockUuid;oekobaudatDatastockName;productId;tBaustoffVersion;productName;eolCategoryId;eolCategoryName;eolScenarioUnbuiltReal;eolScenarioUnbuiltPotential;technologyFactor
26353b00-6cd3-426d-903b-9fc5b1670398;ca70a7e6-0ea4-4e90-a947-d44585783626;OBD_2024_I;345;2024-Q4;Zinkbleche;139;Zink;CL+;CL+;1.0
5f091578-7d83-46de-bfba-754087398afe;ca70a7e6-0ea4-4e90-a947-d44585783626;OBD_2024_I;42;2024-Q4;CR Profil (Chloropren-Kautschuk);24;KSTProfil (Halog);EB;EB;0.0
530ff9e2-0189-4783-9546-3bb8f64fbbeb;ca70a7e6-0ea4-4e90-a947-d44585783626;OBD_2024_I;119;2024-Q4;Holz-Blendrahmen;29;Holzrahmen;EV+;EV+;0.0
5541250a-f8d8-4c67-9f24-47ab54686c30;ca70a7e6-0ea4-4e90-a947-d44585783626;OBD_2024_I;165;2024-Q4;Kunstharzputz;83;organ. Putz;Dep-;Dep-;0.0
592ffe6e-4c21-4a24-ba67-273acbfca373;ca70a7e6-0ea4-4e90-a947-d44585783626;OBD_2024_I;45;2024-Q4;Dachziegel / Ton-;26;Tondachziegel;RC+;RC+;1.0
b4cfc1a1-d1dc-413f-ab48-d6d52e498837;ca70a7e6-0ea4-4e90-a947-d44585783626;OBD_2024_I;337;2024-Q4;WDVS Verklebung und Beschichtung Silikonharzputz;83;organ. Putz;Dep-;Dep-;0.0
ee6d9736-2ddd-4d2d-acc1-3ea1031c1f9e;ca70a7e6-0ea4-4e90-a947-d44585783626;OBD_2024_I;44;2024-Q4;Dachsteine / Beton-;25;Betondachstein;RC+;RC+;1.0
2630158e-fc89-4b2d-bb7d-4a193fb58324;ca70a7e6-0ea4-4e90-a947-d44585783626;OBD_2024_I;168;2024-Q4;Kunststoffprofil CR (Chloropren-Kautschuk);24;KSTProfil (Halog);EB;EB;0.0
514d0f56-13d8-45a3-9267-01be064d6ce3;ca70a7e6-0ea4-4e90-a947-d44585783626;OBD_2024_I;166;2024-Q4;Kunststeinplatte (Epoxidharz gebunden);84;Kunststein;Dep-;Dep-;0.0
85c48e5f-299c-463b-9aaf-da332a29dfe0;ca70a7e6-0ea4-4e90-a947-d44585783626;OBD_2024_I;167;2024-Q4;Kunststoffmodifizierte Bitumendickbeschichtung;85;Bitumenkaltkleber, Glasvlies, Glasfaserarmierung, Dichtmassen..;EB;EB;0.0
b0c75d7b-4cce-41cf-b785-1db434ee9c3f;ca70a7e6-0ea4-4e90-a947-d44585783626;OBD_2024_I;126;2024-Q4;Holz-FlÃ¼gelrahmen;29;Holzrahmen;EV+;EV+;0.0
3abc810c-ef3a-4ab4-b6d8-0217716e213e;ca70a7e6-0ea4-4e90-a947-d44585783626;OBD_2024_I;41;2024-Q4;Calciumsulfatestrich;23;Estrich CA - Anhydritestrich;Dep+;RC-;0.25
92ddc155-28e8-44d5-8e15-b7475f5d6872;ca70a7e6-0ea4-4e90-a947-d44585783626;OBD_2024_I;245;2024-Q4;PUR-Dichtmasse;85;Bitumenkaltkleber, Glasvlies, Glasfaserarmierung, Dichtmassen..;EB;EB;0.0
0d027c8c-89dc-486e-8390-b4649f5e6ed8;ca70a7e6-0ea4-4e90-a947-d44585783626;OBD_2024_I;258;2024-Q4;Sand 0/2 getrocknet;22;Sand;CL+;CL+;1.0
432e4b39-301e-4154-ac8a-ac635d6c36ad;ca70a7e6-0ea4-4e90-a947-d44585783626;OBD_2024_I;169;2024-Q4;Kunststoffprofil EPDM;86;KSTProfil;EV-;EV-;0.0
286b0072-1001-4e5f-baa2-282230755243;ca70a7e6-0ea4-4e90-a947-d44585783626;OBD_2024_I;257;2024-Q4;Sand 0/2;22;Sand;CL+;CL+;1.0
a632df4b-08f4-4b10-95bc-73e92d7255b6;ca70a7e6-0ea4-4e90-a947-d44585783626;OBD_2024_I;170;2024-Q4;Kunststoffprofil PP mit Glasfaseranteil;86;KSTProfil;EV-;EV-;0.0
b461219e-87df-4a40-b12a-5c6a10a99bf1;ca70a7e6-0ea4-4e90-a947-d44585783626;OBD_2024_I;37;2024-Q4;Brechsand 0/2 (getrocknet);22;Sand;CL+;CL+;1.0
83514986-e053-4b4b-9570-c04f37babb24;ca70a7e6-0ea4-4e90-a947-d44585783626;OBD_2024_I;164;2024-Q4;Kunstharzestrich;82;Estrich SR - Kunstharzestrich;Dep-;Dep-;0.0
94c64884-f86e-44b1-9e55-8570cce6f43d;ca70a7e6-0ea4-4e90-a947-d44585783626;OBD_2024_I;163;2024-Q4;Kraftpapier (Baupappe);81;Pappe;EV+;EV+;0.0
bfa45a2b-0f25-4dea-b550-50f3d49a548f;ca70a7e6-0ea4-4e90-a947-d44585783626;OBD_2024_I;193;2024-Q4;Spanplatte, melaminbeschichtet;99;Melaminbeschichtet;EV-;EV-;0.0
a7c7dd86-4cbe-487c-89f9-1bdd8ebdabec;ca70a7e6-0ea4-4e90-a947-d44585783626;OBD_2024_I;159;2024-Q4;Korklinoleum FuÃbodenbelag;79;Elast BB - Linoleumbelag;EV-;EV-;0.0
321a3ced-7d27-4bc0-bb6e-eb1cca5e3ccb;ca70a7e6-0ea4-4e90-a947-d44585783626;OBD_2024_I;274;2024-Q4;Schotter 16/32 (getrocknet);78;Kies / Schotter / Splitt;CL+;CL+;1.0
e298e69e-ec22-4c73-b643-7444520133a4;ca70a7e6-0ea4-4e90-a947-d44585783626;OBD_2024_I;57;2024-Q4;Drei-Schichtholzplatte;32;Holzwerkstoff - nicht beschichtet;RC+;RC+;1.0
f501dc99-706c-4b15-aaec-2cca2b409b41;ca70a7e6-0ea4-4e90-a947-d44585783626;OBD_2024_I;284;2024-Q4;Splitt 2/15;78;Kies / Schotter / Splitt;CL+;CL+;1.0
d7bf4202-d1a8-4f3e-8861-c3d78cd2bf70;ca70a7e6-0ea4-4e90-a947-d44585783626;OBD_2024_I;144;2024-Q4;Isolierglas 2-Scheiben;31;WÃ¤rmeschutzverglasung;RC-;RC+;0.5
08dd6b43-d77b-48fe-8c97-c68294ed4f75;ca70a7e6-0ea4-4e90-a947-d44585783626;OBD_2024_I;285;2024-Q4;Splitt 2/15 (getrocknet);78;Kies / Schotter / Splitt;CL+;CL+;1.0
ba58d8b9-945b-4428-b4e0-aecda8b3df18;ca70a7e6-0ea4-4e90-a947-d44585783626;OBD_2024_I;56;2024-Q4;Dreifachverglasung;31;WÃ¤rmeschutzverglasung;RC-;RC+;0.5
ba9c150e-4334-4bdf-ba93-337ea848c7ea;ca70a7e6-0ea4-4e90-a947-d44585783626;OBD_2024_I;336;2024-Q4;WDVS Verklebung und Beschichtung Silikat-Dispersionsputz;30;WDVS - Putz etc.;Dep-;Dep-;0.0
7e8801e0-c0e4-4995-bf8a-883181f6aa20;ca70a7e6-0ea4-4e90-a947-d44585783626;OBD_2024_I;335;2024-Q4;WDVS Verklebung und Beschichtung Leichtputz mineralisch;30;WDVS - Putz etc.;Dep-;Dep-;0.0
44eada3f-2004-48b9-8152-22cd045bc3cf;ca70a7e6-0ea4-4e90-a947-d44585783626;OBD_2024_I;55;2024-Q4;Dispersionsputz;30;WDVS - Putz etc.;Dep-;Dep-;0.0
ed391263-0e6d-43dd-ad3e-43607545f281;ca70a7e6-0ea4-4e90-a947-d44585783626;OBD_2024_I;199;2024-Q4;Linoleum;79;Elast BB - Linoleumbelag;EV-;EV-;0.0
18dd486c-bf09-44a7-bdb4-3996e3bb854c;ca70a7e6-0ea4-4e90-a947-d44585783626;OBD_2024_I;334;2024-Q4;WDVS Verklebung und Beschichtung Kunstharzputz;30;WDVS - Putz etc.;Dep-;Dep-;0.0
348671a9-852b-4bb0-bcc3-3847e5e4a843;ca70a7e6-0ea4-4e90-a947-d44585783626;OBD_2024_I;160;2024-Q4;Korkplatten 1mÂ² (Dicke 0,004 m);80;Korkplatten (Korkgranulat mit Bindemittel);EV+;EV+;0.0
278ba020-5da0-4bfe-aa3c-477e02646244;ca70a7e6-0ea4-4e90-a947-d44585783626;OBD_2024_I;333;2024-Q4;WDVS Verklebung und Beschichtung Kratzputz mineralisch;30;WDVS - Putz etc.;Dep-;Dep-;0.0
dfb4dceb-e6a4-4fd8-bb42-f06b4e414e38;ca70a7e6-0ea4-4e90-a947-d44585783626;OBD_2024_I;161;2024-Q4;Korkplatten 1mÂ² (Dicke 0,008 m);80;Korkplatten (Korkgranulat mit Bindemittel);EV+;EV+;0.0
2c031186-a7a9-43c2-abe6-1bb0dad15933;ca70a7e6-0ea4-4e90-a947-d44585783626;OBD_2024_I;332;2024-Q4;WDVS Verklebung und Beschichtung Dekorputz mineralisch;30;WDVS - Putz etc.;Dep-;Dep-;0.0
b49b3145-9b55-46db-9a28-2359355f398e;ca70a7e6-0ea4-4e90-a947-d44585783626;OBD_2024_I;162;2024-Q4;Korkplatten 1mÂ² (Dicke 0,006 m);80;Korkplatten (Korkgranulat mit Bindemittel);EV+;EV+;0.0
01726dcb-d5e9-44d2-b1df-f7fabc350723;ca70a7e6-0ea4-4e90-a947-d44585783626;OBD_2024_I;171;2024-Q4;Kunststoffprofil SBR;86;KSTProfil;EV-;EV-;0.0
0d61ff01-935e-4934-befe-cb0b2ea18187;ca70a7e6-0ea4-4e90-a947-d44585783626;OBD_2024_I;36;2024-Q4;Brechsand 0/2;22;Sand;CL+;CL+;1.0
7091bebb-3c82-4b48-991d-08be78992f57;ca70a7e6-0ea4-4e90-a947-d44585783626;OBD_2024_I;172;2024-Q4;Kunststoffprofil Silikon;86;KSTProfil;EV-;EV-;0.0
ed734c48-a58f-4f92-a9f7-57631b500fdc;ca70a7e6-0ea4-4e90-a947-d44585783626;OBD_2024_I;226;2024-Q4;PE-HD mit PP-Vlies zur Abdichtung;16;KSTBahn;EV-;EV-;0.0
76331b58-1ec3-4dd2-a87c-3736e774ca07;ca70a7e6-0ea4-4e90-a947-d44585783626;OBD_2024_I;221;2024-Q4;Parkettlack (Grundierung Holz, wasserverdÃ¼nnt);88;Lacke (auf Holzuntergrund);EV-;EV-;0.0
b4634111-dc95-4873-8614-9ab38bd11d42;ca70a7e6-0ea4-4e90-a947-d44585783626;OBD_2024_I;322;2024-Q4;Unterspannbahn PP;16;KSTBahn;EV-;EV-;0.0
43d72a8a-3f3c-49ab-91fc-b4b9b409d987;ca70a7e6-0ea4-4e90-a947-d44585783626;OBD_2024_I;222;2024-Q4;Parkettlack transparent;88;Lacke (auf Holzuntergrund);EV-;EV-;0.0
8d0ee729-dbb3-4a45-ab4a-3e9acf2ba858;ca70a7e6-0ea4-4e90-a947-d44585783626;OBD_2024_I;321;2024-Q4;Unterspannbahn PE gewebeverstÃ¤rkt;16;KSTBahn;EV-;EV-;0.0
37bca81b-c287-4685-a6ba-7b224e7cef02;ca70a7e6-0ea4-4e90-a947-d44585783626;OBD_2024_I;331;2024-Q4;Wasserlack weiÃ;88;Lacke (auf Holzuntergrund);EV-;EV-;0.0
5f0bc680-a252-46d6-a47a-a4b5a05318bc;ca70a7e6-0ea4-4e90-a947-d44585783626;OBD_2024_I;227;2024-Q4;PE-Noppenfolie zur Abdichtung;16;KSTBahn;EV-;EV-;0.0
14286caa-6bc1-4aa0-93d6-22d0f5b21195;ca70a7e6-0ea4-4e90-a947-d44585783626;OBD_2024_I;180;2024-Q4;Laminatboden;89;Laminat;EV-;EV-;0.0
c0915390-0e80-4253-9345-71fd83ef3c99;ca70a7e6-0ea4-4e90-a947-d44585783626;OBD_2024_I;183;2024-Q4;Lehmbauplatte mit CL-Nachweis;91;Lehmbauplatte mit CL-Nachweis;CL+;CL+;1.0
7f39809a-407d-41cc-b0e7-c7e67faff54b;ca70a7e6-0ea4-4e90-a947-d44585783626;OBD_2024_I;35;2024-Q4;Brandschutzglas F30;21;Brandschutzverglasung;RC-;RC+;0.5
42d6f768-fb28-4105-ad21-078cc7af27a6;ca70a7e6-0ea4-4e90-a947-d44585783626;OBD_2024_I;224;2024-Q4;PE/PP Vlies;16;KSTBahn;EV-;EV-;0.0
422b2446-8a3f-457d-b47b-4728b2869d86;ca70a7e6-0ea4-4e90-a947-d44585783626;OBD_2024_I;188;2024-Q4;Lehmputz, kunststofffaserarmiert;95;Lehmputz, kunststofffaserarmiert;Dep+;CL+;0.75
d1ab548a-3626-4667-9690-baff659e10d5;ca70a7e6-0ea4-4e90-a947-d44585783626;OBD_2024_I;66;2024-Q4;EVA-Dachbahnen;16;KSTBahn;EV-;EV-;0.0
dcde634c-51b1-4d94-9206-cba9f9fd6822;ca70a7e6-0ea4-4e90-a947-d44585783626;OBD_2024_I;58;2024-Q4;ECB Kunststoff-Dachbahn nach DIN 16729 (mit PES Vlies);16;KSTBahn;EV-;EV-;0.0
4c009f04-44e1-42e3-a32e-4929294debab;ca70a7e6-0ea4-4e90-a947-d44585783626;OBD_2024_I;192;2024-Q4;Lehmstein mit CL-Nachweis;98;Lehm - StÃ¶rstoffkl. S4 (Neueinstuf.);Dep+;Dep+;0.75
28a26228-4acd-4bba-b62c-54a54c35526f;ca70a7e6-0ea4-4e90-a947-d44585783626;OBD_2024_I;48;2024-Q4;Dampfbremse PET gitterverstÃ¤rkt;16;KSTBahn;EV-;EV-;0.0
4b42a944-ff7e-4540-a46b-c21074255143;ca70a7e6-0ea4-4e90-a947-d44585783626;OBD_2024_I;297;2024-Q4;Stampflehmwand mit CL-Nachweis;98;Lehm - StÃ¶rstoffkl. S4 (Neueinstuf.);Dep+;Dep+;0.75
1d6be2f4-3c85-4318-a712-1ee0198168eb;ca70a7e6-0ea4-4e90-a947-d44585783626;OBD_2024_I;323;2024-Q4;Unterspannbahn PUR auf PET-Vlies;16;KSTBahn;EV-;EV-;0.0
c307b6f8-af7a-44df-a093-1f8ba2a73fb9;ca70a7e6-0ea4-4e90-a947-d44585783626;OBD_2024_I;201;2024-Q4;LÃ¶semittellack weiÃ;88;Lacke (auf Holzuntergrund);EV-;EV-;0.0
23fc083c-960d-4d31-a509-f383e01c3179;ca70a7e6-0ea4-4e90-a947-d44585783626;OBD_2024_I;31;2024-Q4;BlÃ¤hton LB Planstein AuÃenwand;17;Leichtbeton - best case;SV;RC-;0.25
b4a1a7a4-d5b2-4abe-85d8-88506b234a4d;ca70a7e6-0ea4-4e90-a947-d44585783626;OBD_2024_I;179;2024-Q4;Lacksysteme Holzfenster Zwischenbeschichtung deckend weiÃ;88;Lacke (auf Holzuntergrund);EV-;EV-;0.0
2e60360a-61f1-4d86-a537-a50a3d4165ba;ca70a7e6-0ea4-4e90-a947-d44585783626;OBD_2024_I;314;2024-Q4;Transparente Platten PVC;20;PVC hart;SV;SV;0.0
7fc79af4-8de4-44f8-9bf7-69cd5532fca5;ca70a7e6-0ea4-4e90-a947-d44585783626;OBD_2024_I;173;2024-Q4;Kunststoffteil aus laminiertem Polyesterharz (GFK, 30% Glasfaseranteil);86;KSTProfil;EV-;EV-;0.0
73de9e80-8ed2-47d8-b5b6-854c84166f24;ca70a7e6-0ea4-4e90-a947-d44585783626;OBD_2024_I;84;2024-Q4;Kunststofftrahmen PVC [kg/mÂ² Rahmen];20;PVC hart;SV;SV;0.0
e5a4ebf9-0e5c-4fd8-bb04-1acb5497312f;ca70a7e6-0ea4-4e90-a947-d44585783626;OBD_2024_I;174;2024-Q4;Kupferbleche;87;Kupfer;CL+;CL+;1.0
d8aa07b1-b3aa-41b0-a17b-f8f5e15f37f3;ca70a7e6-0ea4-4e90-a947-d44585783626;OBD_2024_I;34;2024-Q4;Blendrahmen PVC-U;20;PVC hart;SV;SV;0.0
5c400482-2153-45e8-a4d2-e10a9338909b;ca70a7e6-0ea4-4e90-a947-d44585783626;OBD_2024_I;32;2024-Q4;BlÃ¤hton LB Planstein Innenwand;19;Leichtbeton - worst case;Dep+;SV;0.75
10c87a16-01f1-4948-9d52-45e364d28534;ca70a7e6-0ea4-4e90-a947-d44585783626;OBD_2024_I;175;2024-Q4;Lacksysteme Holzfassade deckend (Decklacksystem);88;Lacke (auf Holzuntergrund);EV-;EV-;0.0
9b619143-9ea3-4573-9839-b6ebd75c71a1;ca70a7e6-0ea4-4e90-a947-d44585783626;OBD_2024_I;261;2024-Q4;Schaumbeton DÃ¤mmplatten;18;Mineralplatte;Dep+;SV;0.75
d0f21725-9c8e-41b7-9e38-83878b95930b;ca70a7e6-0ea4-4e90-a947-d44585783626;OBD_2024_I;176;2024-Q4;Lacksysteme Holzfassade halb-pigmentiert (Lasursystem);88;Lacke (auf Holzuntergrund);EV-;EV-;0.0
414d0e5b-7628-466c-89d3-56e107b60aa6;ca70a7e6-0ea4-4e90-a947-d44585783626;OBD_2024_I;239;2024-Q4;Porenbeton MineraldÃ¤mmplatte;18;Mineralplatte;Dep+;SV;0.75
5d087386-ed6b-4786-b37b-87164384927b;ca70a7e6-0ea4-4e90-a947-d44585783626;OBD_2024_I;67;2024-Q4;Expandierte Perlit-DÃ¤mmplatten fÃ¼r den Innenbereich;18;Mineralplatte;Dep+;SV;0.75
b98e2a9b-fc58-44a5-af19-149f560bee8d;ca70a7e6-0ea4-4e90-a947-d44585783626;OBD_2024_I;177;2024-Q4;Lacksysteme Holzfenster Decklack weiÃ;88;Lacke (auf Holzuntergrund);EV-;EV-;0.0
af3510f4-3c5d-45a4-8162-16df43aaca34;ca70a7e6-0ea4-4e90-a947-d44585783626;OBD_2024_I;40;2024-Q4;Calciumsilikatplatte;18;Mineralplatte;Dep+;SV;0.75
9a670d29-efb9-4fde-95ab-182a0b1e7280;ca70a7e6-0ea4-4e90-a947-d44585783626;OBD_2024_I;147;2024-Q4;Kalk-Gips-Innenputz auf Gipsbaustoff;52;Gipsputz (auf Massivbaustoff);Dep+;Dep+;0.0
a1deced7-6fa9-4266-bc86-da75b3653b06;ca70a7e6-0ea4-4e90-a947-d44585783626;OBD_2024_I;194;2024-Q4;Leichtbetonstein aus 100% Naturbims;17;Leichtbeton - best case;SV;RC-;0.25
3489c0eb-415f-4dc8-8c2d-b276f6efebc6;ca70a7e6-0ea4-4e90-a947-d44585783626;OBD_2024_I;88;2024-Q4;FÃ¼nf-Schichtholzplatte;32;Holzwerkstoff - nicht beschichtet;RC+;RC+;1.0
f4461491-586a-4770-9a04-716565e58c24;ca70a7e6-0ea4-4e90-a947-d44585783626;OBD_2024_I;273;2024-Q4;Schotter 16/32;78;Kies / Schotter / Splitt;CL+;CL+;1.0
27f4902c-8a26-4a87-b723-f4a650350781;ca70a7e6-0ea4-4e90-a947-d44585783626;OBD_2024_I;89;2024-Q4;Furnierschichtholz (Laminated Veneer Lumber);32;Holzwerkstoff - nicht beschichtet;RC+;RC+;1.0
1a365e34-0b95-4c5c-973d-11a038eb7414;ca70a7e6-0ea4-4e90-a947-d44585783626;OBD_2024_I;77;2024-Q4;Fassadenklinker;44;Keramik - Fassade;RC+;RC+;1.0
b8a652dc-48f0-4bc5-b60c-caec8d576fa4;ca70a7e6-0ea4-4e90-a947-d44585783626;OBD_2024_I;104;2024-Q4;Grauguss Bauteil;57;Stahl - Baustahl (zB StahltrÃ¤ger,..);CL+;CL+;1.0
800dc37d-c3a2-4b12-b14b-54f7bc775f47;ca70a7e6-0ea4-4e90-a947-d44585783626;OBD_2024_I;291;2024-Q4;Stahl Feinblech (20Âµm bandverzinkt);46;Stahl - Stahl(blech) verzinkt;CL-;CL-;1.0
f848bd34-ac63-4b06-8ff6-080d310e414f;ca70a7e6-0ea4-4e90-a947-d44585783626;OBD_2024_I;292;2024-Q4;Stahl Schmiedebauteil;57;Stahl - Baustahl (zB StahltrÃ¤ger,..);CL+;CL+;1.0
717f4a1c-0df0-49e6-8169-528b50b01e56;ca70a7e6-0ea4-4e90-a947-d44585783626;OBD_2024_I;79;2024-Q4;Feuerverzinktes Stahlblech;46;Stahl - Stahl(blech) verzinkt;CL-;CL-;1.0
755a481d-a74b-4ba0-b417-cc26767b2d50;ca70a7e6-0ea4-4e90-a947-d44585783626;OBD_2024_I;294;2024-Q4;Stahlprofil;57;Stahl - Baustahl (zB StahltrÃ¤ger,..);CL+;CL+;1.0
dcf38066-e336-46a7-b0a8-b2453dd2872d;ca70a7e6-0ea4-4e90-a947-d44585783626;OBD_2024_I;78;2024-Q4;Fensterglas einfach;45;Klarglas (Bestand);RC-;RC+;0.5
665ebd38-a8b0-4f78-b627-b351cfaa2ae3;ca70a7e6-0ea4-4e90-a947-d44585783626;OBD_2024_I;105;2024-Q4;Gummi-Bodenbelag mit Schaumstoffbeschichtung EN 1816 (4 mm);58;Elast BB - Gummibelag;EV-;EV-;0.0
f5a8b0c6-0b46-4e1c-901b-643197c38ae2;ca70a7e6-0ea4-4e90-a947-d44585783626;OBD_2024_I;106;2024-Q4;Gummi-Bodenbelag profiliert EN 12199 (3,55 mm);58;Elast BB - Gummibelag;EV-;EV-;0.0
5383d573-9730-4786-9fe5-15d5fab0ec5c;ca70a7e6-0ea4-4e90-a947-d44585783626;OBD_2024_I;206;2024-Q4;Melaminharz-Schaum;61;KSTDÃ¤mm (Phenol, Melamin,â¦);EB;EB;0.0
56251b2e-c726-476f-9eb2-4b4d8222c9cf;ca70a7e6-0ea4-4e90-a947-d44585783626;OBD_2024_I;330;2024-Q4;Wasserdichte, flexible Schutzschicht unter keramischen BelÃ¤gen in Duschen u BÃ¤den;43;Farben, sonstige Beschichtungen (mineral. Untergrund);Dep-;Dep-;0.0
c7db9557-2928-435f-82e2-afcdcbc69715;ca70a7e6-0ea4-4e90-a947-d44585783626;OBD_2024_I;327;2024-Q4;Voranstrich (Silikonharz);43;Farben, sonstige Beschichtungen (mineral. Untergrund);Dep-;Dep-;0.0
c7381cc7-53b7-427e-9c0b-c9edc4152602;ca70a7e6-0ea4-4e90-a947-d44585783626;OBD_2024_I;108;2024-Q4;Gussasphaltestrich;59;Gussasphaltestrich;Dep+;CL+;0.75
27370a17-b4fe-45f8-9d9d-71f265311c2e;ca70a7e6-0ea4-4e90-a947-d44585783626;OBD_2024_I;326;2024-Q4;Voranstrich (Silikat-Dispersion);43;Farben, sonstige Beschichtungen (mineral. Untergrund);Dep-;Dep-;0.0
d9bfad25-c581-4fe3-b5e3-171ddb59c808;ca70a7e6-0ea4-4e90-a947-d44585783626;OBD_2024_I;109;2024-Q4;Gussteile aus Aluminium;60;Alu Guss;CL+;CL+;1.0
198223f3-acee-40be-93bb-0e7b365cacfc;ca70a7e6-0ea4-4e90-a947-d44585783626;OBD_2024_I;145;2024-Q4;Kalkfarbe;43;Farben, sonstige Beschichtungen (mineral. Untergrund);Dep-;Dep-;0.0
fabfbacc-f5ac-4283-8ffa-0d50765ddcfd;ca70a7e6-0ea4-4e90-a947-d44585783626;OBD_2024_I;113;2024-Q4;Harnstoff-Formaldehydharz Ortschaum;61;KSTDÃ¤mm (Phenol, Melamin,â¦);EB;EB;0.0
42de525f-7c48-4722-b503-6f423b39b4f4;ca70a7e6-0ea4-4e90-a947-d44585783626;OBD_2024_I;295;2024-Q4;Stahlprofil verzinkt;46;Stahl - Stahl(blech) verzinkt;CL-;CL-;1.0
c92470df-8c3d-4586-904e-53801844edf5;ca70a7e6-0ea4-4e90-a947-d44585783626;OBD_2024_I;100;2024-Q4;Glasbausteine;55;Glasbaustein;Dep+;SV;0.5
b7b7c6be-122f-48d9-b1c2-9b81a6b7e95c;ca70a7e6-0ea4-4e90-a947-d44585783626;OBD_2024_I;80;2024-Q4;Flachsvlies (mit Flammschutzmittel);47;DS Pflanzenfaser mit Zusatzstoffen (FSM, Bindemittel);EV-;EV-;0.0
94b1c5c8-659a-4585-b0a2-4a4ffc2a64f6;ca70a7e6-0ea4-4e90-a947-d44585783626;OBD_2024_I;319;2024-Q4;Trockenestrich (Gipsfaserplatte);54;Gipsfaser;Dep+;RC-;0.25
7e0c008a-009d-4357-92c1-afb2cec3bc0a;ca70a7e6-0ea4-4e90-a947-d44585783626;OBD_2024_I;98;2024-Q4;Gipsputz (innen);52;Gipsputz (auf Massivbaustoff);Dep+;Dep+;0.0
46c055f0-84a2-423b-ae82-5264886e51ad;ca70a7e6-0ea4-4e90-a947-d44585783626;OBD_2024_I;93;2024-Q4;Gipskartonplatte (Feuerschutz);53;Gipsplatte;Dep+;CL+;0.75
004f3f4e-5bb8-4d9e-a104-6999a9e8ad5b;ca70a7e6-0ea4-4e90-a947-d44585783626;OBD_2024_I;92;2024-Q4;Gips-Kalk-Putz auf Gipsbaustoff;52;Gipsputz (auf Massivbaustoff);Dep+;Dep+;0.0
deeb0bda-20fa-412a-b945-1a589638db21;ca70a7e6-0ea4-4e90-a947-d44585783626;OBD_2024_I;94;2024-Q4;Gipskartonplatte (imprÃ¤gniert);53;Gipsplatte;Dep+;CL+;0.75
2aca59c3-5947-43ca-af88-e6ae6366ce3f;ca70a7e6-0ea4-4e90-a947-d44585783626;OBD_2024_I;308;2024-Q4;Textile FuÃbodenbelÃ¤ge mehrschichtiges Nadelvlies (Teppichboden, 1400 g/mÂ²);50;Bodenbelag textil 100 % synthetisch;EV-;EV-;0.0
edec09e1-c56e-4655-a094-c9a18e1563ac;ca70a7e6-0ea4-4e90-a947-d44585783626;OBD_2024_I;95;2024-Q4;Gipskartonplatte (Lochplatte);53;Gipsplatte;Dep+;CL+;0.75
2fbd1f22-2a0d-4dfb-bfa6-52a861d320f2;ca70a7e6-0ea4-4e90-a947-d44585783626;OBD_2024_I;90;2024-Q4;Getuftete Teppichfliesen (PA 6), LC3;50;Bodenbelag textil 100 % synthetisch;EV-;EV-;0.0
7b69e7b4-68dd-49a3-b2dc-ae608b66eece;ca70a7e6-0ea4-4e90-a947-d44585783626;OBD_2024_I;99;2024-Q4;Gipswandbauplatte (100 mm);53;Gipsplatte;Dep+;CL+;0.75
a0978051-8b63-44ea-973c-cc9340887458;ca70a7e6-0ea4-4e90-a947-d44585783626;OBD_2024_I;87;2024-Q4;Folie fÃ¼r GrÃ¼ndach;49;KSTBahn (Halog);EB;EB;0.0
f4ef6362-85e1-4aac-b263-d954d1acbcd1;ca70a7e6-0ea4-4e90-a947-d44585783626;OBD_2024_I;320;2024-Q4;Trockenestrich (Gipskartonplatte);53;Gipsplatte;Dep+;CL+;0.75
7bb20bbf-173c-4d5b-9638-177ff4014789;ca70a7e6-0ea4-4e90-a947-d44585783626;OBD_2024_I;86;2024-Q4;Folie aus Polytetrafluorethylen PTFE;49;KSTBahn (Halog);EB;EB;0.0
0dec19c7-53db-4cb9-bbba-4d44d3da62a9;ca70a7e6-0ea4-4e90-a947-d44585783626;OBD_2024_I;1;2024-Q4;Acetyliertes Holz ;1;Holz - acetyliert;EV+;EV+;0.0
8a115164-6717-4aec-84b1-f79b0b1a947b;ca70a7e6-0ea4-4e90-a947-d44585783626;OBD_2024_I;81;2024-Q4;Fliesenkleber;48;organ. Putz (Fliesenkleber StÃ¶rstoff, Masse Einstuf. ident zu organ. Putz);Dep-;Dep-;0.0
1b0a3488-9b02-4c98-b421-8c746d350f97;ca70a7e6-0ea4-4e90-a947-d44585783626;OBD_2024_I;96;2024-Q4;Gipsfaserplatte;54;Gipsfaser;Dep+;RC-;0.25
9a9f76b6-54f0-421e-9f8a-6a5db3a22e1d;ca70a7e6-0ea4-4e90-a947-d44585783626;OBD_2024_I;112;2024-Q4;Hanfvlies mit Flammschutzmittel;47;DS Pflanzenfaser mit Zusatzstoffen (FSM, Bindemittel);EV-;EV-;0.0
b0b25f5c-0982-4f75-b75b-bb28f5807b64;ca70a7e6-0ea4-4e90-a947-d44585783626;OBD_2024_I;132;2024-Q4;Innenfarbe Dispersionsfarbe scheuerfest;43;Farben, sonstige Beschichtungen (mineral. Untergrund);Dep-;Dep-;0.0
2676fb36-11ba-495a-90bd-fa914d6e949f;ca70a7e6-0ea4-4e90-a947-d44585783626;OBD_2024_I;85;2024-Q4;FlÃ¼ssigkunststoffe zur Bauwerksabdichtung auf SMP-Basis;43;Farben, sonstige Beschichtungen (mineral. Untergrund);Dep-;Dep-;0.0
a7bad3b6-2123-483b-99b5-2ec481254be7;ca70a7e6-0ea4-4e90-a947-d44585783626;OBD_2024_I;155;2024-Q4;Kies 2/32 getrocknet;78;Kies / Schotter / Splitt;CL+;CL+;1.0
625ab4fe-4c34-4f60-8259-3bc8ebdd119a;ca70a7e6-0ea4-4e90-a947-d44585783626;OBD_2024_I;62;2024-Q4;EpoxidharzmÃ¶rtel;35;Kleber (nicht-mineralisch: Kunstharzkleber,â¦);EV-;EV-;0.0
ddc96ae4-086c-4033-9e45-c5589f1661ba;ca70a7e6-0ea4-4e90-a947-d44585783626;OBD_2024_I;149;2024-Q4;KalkputzmÃ¶rtel;76;mineral. Putz, MÃ¶rtel, Kleber;Dep+;Dep+;0.0
e23fcf3f-c4a6-4e45-a97b-e5db88aa5fa0;ca70a7e6-0ea4-4e90-a947-d44585783626;OBD_2024_I;252;2024-Q4;Reaktionsharz auf Polyurethan-Basis, wÃ¤ssrig, lÃ¶semittelfrei;35;Kleber (nicht-mineralisch: Kunstharzkleber,â¦);EV-;EV-;0.0
dca9f05c-036b-40e5-ae81-c957c2420fd8;ca70a7e6-0ea4-4e90-a947-d44585783626;OBD_2024_I;151;2024-Q4;Kalkzement PutzmÃ¶rtel;76;mineral. Putz, MÃ¶rtel, Kleber;Dep+;Dep+;0.0
374ca550-9556-4a9c-9de5-a9cb80b8b8f1;ca70a7e6-0ea4-4e90-a947-d44585783626;OBD_2024_I;251;2024-Q4;Reaktionsharz auf Methacrylatharzbasis;35;Kleber (nicht-mineralisch: Kunstharzkleber,â¦);EV-;EV-;0.0
5916a356-69a8-457e-9b54-1232d6af5da9;ca70a7e6-0ea4-4e90-a947-d44585783626;OBD_2024_I;250;2024-Q4;Reaktionsharz auf Epoxidharzbasis, gefÃ¼llt;35;Kleber (nicht-mineralisch: Kunstharzkleber,â¦);EV-;EV-;0.0
af98c17b-b748-4d08-b5d5-9ff028ae7f25;ca70a7e6-0ea4-4e90-a947-d44585783626;OBD_2024_I;152;2024-Q4;KalkzementmÃ¶rtel;76;mineral. Putz, MÃ¶rtel, Kleber;Dep+;Dep+;0.0
5908f568-29cd-4387-9816-d3cb1b2cc577;ca70a7e6-0ea4-4e90-a947-d44585783626;OBD_2024_I;82;2024-Q4;Fliesenkleber, dispersionsbasiert;35;Kleber (nicht-mineralisch: Kunstharzkleber,â¦);EV-;EV-;0.0
2deb4078-5323-4785-ad2a-913eb66dcf5d;ca70a7e6-0ea4-4e90-a947-d44585783626;OBD_2024_I;156;2024-Q4;Kleber fÃ¼r Gipsplatten;76;mineral. Putz, MÃ¶rtel, Kleber;Dep+;Dep+;0.0
b1964649-fd26-49d3-9aca-464fe807f2b2;ca70a7e6-0ea4-4e90-a947-d44585783626;OBD_2024_I;76;2024-Q4;Fassadenfarbe Voranstrich Silikat-Dispersion;43;Farben, sonstige Beschichtungen (mineral. Untergrund);Dep-;Dep-;0.0
7395adfa-2a3f-43f1-be88-5d4a392968a5;ca70a7e6-0ea4-4e90-a947-d44585783626;OBD_2024_I;60;2024-Q4;EinblasdÃ¤mmung Mineralwolle Rho 50 kg/mÂ³;34;Mineralwolle Glaswolle;Dep-;SV;0.75
96171066-34d9-4b33-b1e6-3af1ea11db61;ca70a7e6-0ea4-4e90-a947-d44585783626;OBD_2024_I;344;2024-Q4;ZementmÃ¶rtel;76;mineral. Putz, MÃ¶rtel, Kleber;Dep+;Dep+;0.0
deae7522-47b9-47a8-b9a3-176db7c250ae;ca70a7e6-0ea4-4e90-a947-d44585783626;OBD_2024_I;59;2024-Q4;Edelstahlblech;33;Edelstahl;CL+;CL+;1.0
c916ceb3-a44d-40b7-8984-861afa589956;ca70a7e6-0ea4-4e90-a947-d44585783626;OBD_2024_I;150;2024-Q4;Kalksandstein;77;Kalksandstein;SV;RC-;0.75
24b673e5-b737-4fe9-ab51-ca68391ccdd3;ca70a7e6-0ea4-4e90-a947-d44585783626;OBD_2024_I;283;2024-Q4;Sperrholzplatte;32;Holzwerkstoff - nicht beschichtet;RC+;RC+;1.0
d35a5f2a-d72c-41a3-9f64-ea1b1ec066d1;ca70a7e6-0ea4-4e90-a947-d44585783626;OBD_2024_I;154;2024-Q4;Kies 2/32;78;Kies / Schotter / Splitt;CL+;CL+;1.0
0f2f2410-d9e2-4e0f-837a-987cb3186d81;ca70a7e6-0ea4-4e90-a947-d44585783626;OBD_2024_I;282;2024-Q4;Spanplatte;32;Holzwerkstoff - nicht beschichtet;RC+;RC+;1.0
f2552bdf-c847-4ef8-9665-c37e8ef4d44d;ca70a7e6-0ea4-4e90-a947-d44585783626;OBD_2024_I;276;2024-Q4;SchÃ¼ttung aus Polystyrolschaumstoff-Partikeln (ohne Bindemittel);37;EPS - Sz. Energet. Beseitig.;EV-;EV-;0.0
121c71e8-0f4c-4529-b72e-331198d15f0f;ca70a7e6-0ea4-4e90-a947-d44585783626;OBD_2024_I;65;2024-Q4;EPS-HartschaumdÃ¤mmung - Sz. RC als SchÃ¼tt.;38;EPS - Sz. RC als SchÃ¼tt.;EV-;SV;0.75
eea7e352-bf1d-4e6d-9029-689d7936e6a7;ca70a7e6-0ea4-4e90-a947-d44585783626;OBD_2024_I;148;2024-Q4;Kalk-Innenputz;76;mineral. Putz, MÃ¶rtel, Kleber;Dep+;Dep+;0.0
fdbe82c6-7073-4f8c-a540-c37a6bf16cd6;ca70a7e6-0ea4-4e90-a947-d44585783626;OBD_2024_I;68;2024-Q4;Expandierter Kork;39;Kork;EV-;RC+;0.75
4da47295-f607-4254-ab06-6925e3d5fc07;ca70a7e6-0ea4-4e90-a947-d44585783626;OBD_2024_I;232;2024-Q4;Phenolharz Hartschaum;61;KSTDÃ¤mm (Phenol, Melamin,â¦);EB;EB;0.0
849af6c4-050a-4119-9bb4-9dd64a7a86fc;ca70a7e6-0ea4-4e90-a947-d44585783626;OBD_2024_I;75;2024-Q4;Fassadenfarbe Voranstrich Dispersion;43;Farben, sonstige Beschichtungen (mineral. Untergrund);Dep-;Dep-;0.0
b822aa09-3cb6-49a3-98f6-a3ebf325a70b;ca70a7e6-0ea4-4e90-a947-d44585783626;OBD_2024_I;118;2024-Q4;Hochlochziegel organisch gefÃ¼llt, ohne MÃ¶rtel / Kleb.;66;Ziegel EPS gefÃ¼llt;Dep-;RC-;0.75
b974b2f9-967e-4356-80ae-d7feeb4f0d46;ca70a7e6-0ea4-4e90-a947-d44585783626;OBD_2024_I;74;2024-Q4;Fassadenfarbe Silikonharzfarbe;43;Farben, sonstige Beschichtungen (mineral. Untergrund);Dep-;Dep-;0.0
c91aa879-2826-4078-8bfa-baae349549cb;ca70a7e6-0ea4-4e90-a947-d44585783626;OBD_2024_I;121;2024-Q4;HolzfaserdÃ¤mmplatte (Nassverfahren);68;Holzfaser, Rho<200;EV-;RC-;0.5
20043853-b153-484a-80c4-dd1bf1cb76e3;ca70a7e6-0ea4-4e90-a947-d44585783626;OBD_2024_I;73;2024-Q4;Fassadenfarbe Silikat-Dispersionsfarbe;43;Farben, sonstige Beschichtungen (mineral. Untergrund);Dep-;Dep-;0.0
ac8de42f-3cff-4ca8-b8cc-c0db6daf089b;ca70a7e6-0ea4-4e90-a947-d44585783626;OBD_2024_I;129;2024-Q4;Holzwolle-Leichtbauplatte;69;Holzzement;Dep-;SV;0.25
8c5e949d-1b5e-4dc6-b6ae-bfc8e6c863ce;ca70a7e6-0ea4-4e90-a947-d44585783626;OBD_2024_I;72;2024-Q4;Fassadenfarbe Dispersionsfarbe;43;Farben, sonstige Beschichtungen (mineral. Untergrund);Dep-;Dep-;0.0
c4c0957c-0e8a-4445-8672-0fc21714751b;ca70a7e6-0ea4-4e90-a947-d44585783626;OBD_2024_I;209;2024-Q4;Mineralisch modifizierte TrockenschÃ¼ttung;69;Holzzement;Dep-;SV;0.25
161e1abd-fe38-45f6-8658-8bf4fa88eb7c;ca70a7e6-0ea4-4e90-a947-d44585783626;OBD_2024_I;71;2024-Q4;Faserzementplatte;42;Faserzement;Dep-;Dep-;0.0
268829ec-c8d9-4c6e-abdd-542acc494dd1;ca70a7e6-0ea4-4e90-a947-d44585783626;OBD_2024_I;343;2024-Q4;Zementgebundene Spanplatte;69;Holzzement;Dep-;SV;0.25
c5151e24-55fa-4748-862f-855ab913470f;ca70a7e6-0ea4-4e90-a947-d44585783626;OBD_2024_I;70;2024-Q4;FaserverstÃ¤rkte Spachtelmasse;41;faserverstÃ¤rkt;Dep-;Dep-;0.0
f0da3c81-3912-4ea2-8e6b-bc9c789e859e;ca70a7e6-0ea4-4e90-a947-d44585783626;OBD_2024_I;130;2024-Q4;HPL-Platte (High pressure Laminate);70;HPL;EV+;EV+;0.0
c4ddfdbc-ee2b-4dd5-a754-b317cf06470a;ca70a7e6-0ea4-4e90-a947-d44585783626;OBD_2024_I;69;2024-Q4;XPS-DÃ¤mmstoff;40;XPS;EV-;RC+;0.25
2ad3b93b-b559-404e-8b63-99c69d472896;ca70a7e6-0ea4-4e90-a947-d44585783626;OBD_2024_I;131;2024-Q4;HÃ¼ttensteine;71;HÃ¼ttenstein;RC-;RC-;1.0
6869f7c1-1b2b-4f30-afc9-823a0104f1d9;ca70a7e6-0ea4-4e90-a947-d44585783626;OBD_2024_I;47;2024-Q4;Dampfbremse PE;16;KSTBahn;EV-;EV-;0.0
152ff22b-522e-400e-baee-812a9c6443d9;ca70a7e6-0ea4-4e90-a947-d44585783626;OBD_2024_I;178;2024-Q4;Lacksysteme Holzfenster Grundierung weiÃ;88;Lacke (auf Holzuntergrund);EV-;EV-;0.0
a71e60a5-b64b-4715-ae8a-c8c8819149d2;ca70a7e6-0ea4-4e90-a947-d44585783626;OBD_2024_I;316;2024-Q4;Transportbeton C25/30 - exkl. Bewehrung, Standard EoL;9;Beton Standard (ohne Bewehr.);RC+;RC+;1.0
dcfd896b-9b7d-42a5-b47b-3643a8870e6a;ca70a7e6-0ea4-4e90-a947-d44585783626;OBD_2024_I;235;2024-Q4;Polycarbonatplatte;112;KSTPlatte (zB transparente Platten);EV-;EV-;0.0
f6861618-5a92-4c3a-94ba-9f7329b29662;ca70a7e6-0ea4-4e90-a947-d44585783626;OBD_2024_I;14;2024-Q4;Bewehrungsstahl;10;Stahl - Bewehrung;CL+;CL+;1.0
0b87961e-ea66-4757-b483-229ece59cb97;ca70a7e6-0ea4-4e90-a947-d44585783626;OBD_2024_I;270;2024-Q4;Schnittholz Kiefer ;6;Holz - massiv, naturbelassen;RC+;CL+;0.75
b960f95d-466b-4014-9565-64e51407a364;ca70a7e6-0ea4-4e90-a947-d44585783626;OBD_2024_I;244;2024-Q4;PUR/PIR DÃ¤mmstoff (32 kg/mÂ³);111;KSTDÃ¤mm (PUR, PIR);EB;SV;0.25
18563fde-e042-4c4f-9a28-01de646ea9ef;ca70a7e6-0ea4-4e90-a947-d44585783626;OBD_2024_I;15;2024-Q4;Naturbims KÃ¶rnung;11;Bims / BlÃ¤hschÃ¼ttung;Dep+;RC+;0.75
355dbd58-78dc-45cc-be8a-43d66d117e15;ca70a7e6-0ea4-4e90-a947-d44585783626;OBD_2024_I;234;2024-Q4;PIR Hartschaum (250 kg/mÂ³);111;KSTDÃ¤mm (PUR, PIR);EB;SV;0.25
fb5aca98-636a-4dcb-b0dd-9ed09117486e;ca70a7e6-0ea4-4e90-a947-d44585783626;OBD_2024_I;293;2024-Q4;Stahl warmgewalzte Bleche (2-20mm);127;Stahl - Stahlblech;CL+;CL+;1.0
f00557bd-5b73-4624-8c7b-834db8e8b106;ca70a7e6-0ea4-4e90-a947-d44585783626;OBD_2024_I;269;2024-Q4;Schnittholz Fichte;6;Holz - massiv, naturbelassen;RC+;CL+;0.75
5b1356cc-f9f5-46d8-b8ae-21d0a426baf4;ca70a7e6-0ea4-4e90-a947-d44585783626;OBD_2024_I;17;2024-Q4;Bimssand;11;Bims / BlÃ¤hschÃ¼ttung;Dep+;RC+;0.75
1e56bbe7-38f8-40a5-817b-8fa10c56a66e;ca70a7e6-0ea4-4e90-a947-d44585783626;OBD_2024_I;231;2024-Q4;Pfosten/Riegelsystem aus Stahl;110;Alu-Pfosten-Riegel-Konstr. ungedÃ¤mmt;RC+;RC+;1.0
5618689c-57a8-4860-85d3-7403ad5ba201;ca70a7e6-0ea4-4e90-a947-d44585783626;OBD_2024_I;305;2024-Q4;Steinzeugfliesen glasiert;128;Keramik - Boden;RC-;RC-;1.0
dad163a2-a15b-48e0-a763-6142445b5d42;ca70a7e6-0ea4-4e90-a947-d44585783626;OBD_2024_I;25;2024-Q4;BlÃ¤hglas KÃ¶rnung;11;Bims / BlÃ¤hschÃ¼ttung;Dep+;RC+;0.75
f18ac191-cfcc-4068-a6c5-38ba25442d9b;ca70a7e6-0ea4-4e90-a947-d44585783626;OBD_2024_I;230;2024-Q4;Pfosten/Riegel aus Aluminium;110;Alu-Pfosten-Riegel-Konstr. ungedÃ¤mmt;RC+;RC+;1.0
17bcb2ce-39fd-400b-baf9-370c63589efd;ca70a7e6-0ea4-4e90-a947-d44585783626;OBD_2024_I;268;2024-Q4;Schnittholz Eiche;6;Holz - massiv, naturbelassen;RC+;CL+;0.75
e3dce4ce-b205-41b0-a033-ca8c6b1eaed0;ca70a7e6-0ea4-4e90-a947-d44585783626;OBD_2024_I;28;2024-Q4;BlÃ¤hschiefer;11;Bims / BlÃ¤hschÃ¼ttung;Dep+;RC+;0.75
52ac8701-d612-4cc9-8037-b2dc2a293a8c;ca70a7e6-0ea4-4e90-a947-d44585783626;OBD_2024_I;236;2024-Q4;Polyethylen-Schaum;109;KSTDÃ¤mm (PE);EV-;EV-;0.0
91935678-1a09-43e0-8a84-294522407ac3;ca70a7e6-0ea4-4e90-a947-d44585783626;OBD_2024_I;306;2024-Q4;Steinzeugfliesen unglasiert;128;Keramik - Boden;RC-;RC-;1.0
67c9d57a-872a-4614-8be8-37ecaf9952e4;ca70a7e6-0ea4-4e90-a947-d44585783626;OBD_2024_I;29;2024-Q4;BlÃ¤hton KÃ¶rnung;11;Bims / BlÃ¤hschÃ¼ttung;Dep+;RC+;0.75
909a1f8a-00d8-436f-86f9-77e0ee840a88;ca70a7e6-0ea4-4e90-a947-d44585783626;OBD_2024_I;264;2024-Q4;Schiefer, unhandelt;108;Stein unbehandelt;CL+;CL+;1.0
67b6c807-3924-4bc5-b983-6aeff6537e45;ca70a7e6-0ea4-4e90-a947-d44585783626;OBD_2024_I;267;2024-Q4;Schnittholz Buche ;6;Holz - massiv, naturbelassen;RC+;CL+;0.75
8ac5659c-5918-41bb-966d-91efdd6c4e50;ca70a7e6-0ea4-4e90-a947-d44585783626;OBD_2024_I;33;2024-Q4;BlÃ¤hton Sand;11;Bims / BlÃ¤hschÃ¼ttung;Dep+;RC+;0.75
ab14e105-1768-4cd7-bcd2-3436c16fad16;ca70a7e6-0ea4-4e90-a947-d44585783626;OBD_2024_I;249;2024-Q4;PVC-Dachbahnen - nicht rÃ¼ckbaubar (Neueinstuf.);118;PVC-Folie - verklebt oder nicht rÃ¼ckbaubar;EB;EB;0.0
e45e2b55-a8c4-4037-bc7d-e3718c4e28f3;ca70a7e6-0ea4-4e90-a947-d44585783626;OBD_2024_I;307;2024-Q4;StrohdÃ¤mmung;129;Strohballen;SV;SV;0.0
2812667f-8ca5-4ee1-a9ac-7ed13045b7ff;ca70a7e6-0ea4-4e90-a947-d44585783626;OBD_2024_I;181;2024-Q4;Lava KÃ¶rnung;11;Bims / BlÃ¤hschÃ¼ttung;Dep+;RC+;0.75
b3e4257b-bdb7-4da2-9c33-990243dd4aa8;ca70a7e6-0ea4-4e90-a947-d44585783626;OBD_2024_I;218;2024-Q4;Natursteinplatte, weich, Fassade;108;Stein unbehandelt;CL+;CL+;1.0
86138863-3c1c-4345-9ae9-03ba28a5f9a7;ca70a7e6-0ea4-4e90-a947-d44585783626;OBD_2024_I;38;2024-Q4;Brettschichtholz Nadelholz;6;Holz - massiv, naturbelassen;RC+;CL+;0.75
ad49148a-69c3-41b5-9cbb-d93a31f1fd17;ca70a7e6-0ea4-4e90-a947-d44585783626;OBD_2024_I;228;2024-Q4;Perlite 0-1;11;Bims / BlÃ¤hschÃ¼ttung;Dep+;RC+;0.75
c241605d-34f1-44db-bf07-78610e849edb;ca70a7e6-0ea4-4e90-a947-d44585783626;OBD_2024_I;217;2024-Q4;Natursteinplatte, hart, Innenboden (Dicke 0,02 m);108;Stein unbehandelt;CL+;CL+;1.0
89318772-3a50-4f56-9839-d0a8c702e396;ca70a7e6-0ea4-4e90-a947-d44585783626;OBD_2024_I;290;2024-Q4;Stahl Feinblech (0,3-3,0mm), unverzinkt;127;Stahl - Stahlblech;CL+;CL+;1.0
0a1fa7f9-ad49-4942-a173-cb8c4ad99c9b;ca70a7e6-0ea4-4e90-a947-d44585783626;OBD_2024_I;318;2024-Q4;Transportbeton C50/60 - exkl. Bewehrung, Standard EoL;9;Beton Standard (ohne Bewehr.);RC+;RC+;1.0
d69a69ca-9323-4a28-81f7-ed8b457080c6;ca70a7e6-0ea4-4e90-a947-d44585783626;OBD_2024_I;229;2024-Q4;Perlite 0-3;11;Bims / BlÃ¤hschÃ¼ttung;Dep+;RC+;0.75
d6f982e3-beda-49f0-a298-694fcbf3ba38;ca70a7e6-0ea4-4e90-a947-d44585783626;OBD_2024_I;317;2024-Q4;Transportbeton C30/37 - exkl. Bewehrung, Standard EoL;9;Beton Standard (ohne Bewehr.);RC+;RC+;1.0
20b0761f-99e0-48db-b1e4-0fdb1b7739ef;ca70a7e6-0ea4-4e90-a947-d44585783626;OBD_2024_I;11;2024-Q4;Betonfertigteil Treppe (1,1 m Breite, 9 Stufen a 16 cm)  - exkl. Bewehrung, Standard EoL;9;Beton Standard (ohne Bewehr.);RC+;RC+;1.0
fde18fdc-ca6b-41d3-9918-aab96177fc24;ca70a7e6-0ea4-4e90-a947-d44585783626;OBD_2024_I;246;2024-Q4;PVC FuÃbodenbelag;116;PVC-Belag;EB;SV;0.75
45e6dcac-70b9-4982-bf04-4ff566facba1;ca70a7e6-0ea4-4e90-a947-d44585783626;OBD_2024_I;10;2024-Q4;Betonfertigteil Decke 20cm - exkl. Bewehrung, Standard EoL;9;Beton Standard (ohne Bewehr.);RC+;RC+;1.0
97b971c7-8d43-4650-bfd6-75fdcf9a2101;ca70a7e6-0ea4-4e90-a947-d44585783626;OBD_2024_I;12;2024-Q4;Betonfertigteil Wand 12cm  - exkl. Bewehrung, Standard EoL;9;Beton Standard (ohne Bewehr.);RC+;RC+;1.0
7091503e-34e5-44cd-9acb-7c2f16f6097f;ca70a7e6-0ea4-4e90-a947-d44585783626;OBD_2024_I;263;2024-Q4;Schaumglasplatten;122;Schaumglas;Dep+;SV;0.75
45e2894f-09e7-4152-a4bd-8a13f6d5b0c3;ca70a7e6-0ea4-4e90-a947-d44585783626;OBD_2024_I;241;2024-Q4;Porenbeton P4 05 bewehrt;115;Porenbeton - bewehrt;Dep+;RC-;0.75
2cdcffc6-84e9-4238-b8af-beebabea9a2d;ca70a7e6-0ea4-4e90-a947-d44585783626;OBD_2024_I;13;2024-Q4;Beton-Mauersteine - Standard EoL;9;Beton Standard (ohne Bewehr.);RC+;RC+;1.0
6b363ddc-f127-4d44-9f4b-54daada07465;ca70a7e6-0ea4-4e90-a947-d44585783626;OBD_2024_I;158;2024-Q4;Konstruktionsvollholz - beschichtet;7;Holz - massiv, beschichtet;RC+;CL-;1.0
f1e6c40e-3f2e-4435-9fd8-abc2dd96c38c;ca70a7e6-0ea4-4e90-a947-d44585783626;OBD_2024_I;242;2024-Q4;Porenbeton P4 05 unbewehrt, Rho 472 kg/mÂ³;114;Porenbeton - unbewehrt;Dep+;RC-;0.75
8f11c179-e367-4833-93f3-10597923c79c;ca70a7e6-0ea4-4e90-a947-d44585783626;OBD_2024_I;253;2024-Q4;Recycling Transportbeton C20/25 - exkl. Bewehrung;9;Beton Standard (ohne Bewehr.);RC+;RC+;1.0
61c0c795-7116-407d-8635-68fe422f76a9;ca70a7e6-0ea4-4e90-a947-d44585783626;OBD_2024_I;254;2024-Q4;Recycling Transportbeton C25/30 - exkl. Bewehrung;9;Beton Standard (ohne Bewehr.);RC+;RC+;1.0
c5310f2b-23a1-4059-ba25-80d9b3e933f5;ca70a7e6-0ea4-4e90-a947-d44585783626;OBD_2024_I;240;2024-Q4;Porenbeton P2 04 unbewehrt, Rho 380 kg/mÂ³;114;Porenbeton - unbewehrt;Dep+;RC-;0.75
3e15eb88-e824-4a81-972a-45e06930aa19;ca70a7e6-0ea4-4e90-a947-d44585783626;OBD_2024_I;255;2024-Q4;Recycling Transportbeton C30/37 - exkl. Bewehrung;9;Beton Standard (ohne Bewehr.);RC+;RC+;1.0
8f6daa87-b2ee-4eb0-95e0-737ac8c6a59f;ca70a7e6-0ea4-4e90-a947-d44585783626;OBD_2024_I;277;2024-Q4;SchÃ¼ttung aus Polystyrolschaumstoff-Partikeln (zementgebunden);124;SchÃ¼ttung organ./min. gebunden;Dep-;Dep-;0.0
aeab0f39-5eab-422f-8c4b-822bb98aa63c;ca70a7e6-0ea4-4e90-a947-d44585783626;OBD_2024_I;8;2024-Q4;Balkenschichtholz Nadelholz - beschichtet;7;Holz - massiv, beschichtet;RC+;CL-;1.0
732a4fb1-1017-4682-ac12-49a256354964;ca70a7e6-0ea4-4e90-a947-d44585783626;OBD_2024_I;256;2024-Q4;Recycling Transportbeton C50/60  - exkl. Bewehrung;9;Beton Standard (ohne Bewehr.);RC+;RC+;1.0
01f45a03-460d-4e55-b5c9-72d3e8eda18e;ca70a7e6-0ea4-4e90-a947-d44585783626;OBD_2024_I;238;2024-Q4;Porenbeton Granulat;113;Porenbeton-Granulat;Dep+;RC+;0.75
;ca70a7e6-0ea4-4e90-a947-d44585783626;OBD_2024_I;288;2024-Q4;SplittschÃ¼ttung mineral. geb.;125;SchÃ¼ttung min./min. gebunden;RC-;RC-;1.0
c6f77799-ed43-4ec4-bfc3-0759e41b60ca;ca70a7e6-0ea4-4e90-a947-d44585783626;OBD_2024_I;310;2024-Q4;Tragdeckschicht  Beton;9;Beton Standard (ohne Bewehr.);RC+;RC+;1.0
f7646e58-4d38-4bc0-b908-e4207c9f2a89;ca70a7e6-0ea4-4e90-a947-d44585783626;OBD_2024_I;313;2024-Q4;Transparente Platten PMMA, gegossen;112;KSTPlatte (zB transparente Platten);EV-;EV-;0.0
8bed6eec-b795-4585-b036-77f4344c1cf9;ca70a7e6-0ea4-4e90-a947-d44585783626;OBD_2024_I;272;2024-Q4;Schnittholz Zeder ;6;Holz - massiv, naturbelassen;RC+;CL+;0.75
e3d7a045-ee91-43ac-8fb4-a5216c65ba0b;ca70a7e6-0ea4-4e90-a947-d44585783626;OBD_2024_I;315;2024-Q4;Transportbeton C20/25 - exkl. Bewehrung, Standard EoL;9;Beton Standard (ohne Bewehr.);RC+;RC+;1.0
7a265769-b70e-4cbb-a9ac-f6af4e55f8a6;ca70a7e6-0ea4-4e90-a947-d44585783626;OBD_2024_I;312;2024-Q4;Transparente Platten PMMA, extrudiert;112;KSTPlatte (zB transparente Platten);EV-;EV-;0.0
c4293a12-5023-4e57-bdcd-9b52fbfa6a58;ca70a7e6-0ea4-4e90-a947-d44585783626;OBD_2024_I;46;2024-Q4;Dampfbremse PA;16;KSTBahn;EV-;EV-;0.0
2b389c60-468e-4f3e-abfa-f279262ecd5d;ca70a7e6-0ea4-4e90-a947-d44585783626;OBD_2024_I;289;2024-Q4;Stabparkett;126;Holzwerkstoffboden;RC-;RC-;1.0
b2ba83d3-0427-404c-8c27-f551d0a26bd3;ca70a7e6-0ea4-4e90-a947-d44585783626;OBD_2024_I;311;2024-Q4;Transparente Platten PC;112;KSTPlatte (zB transparente Platten);EV-;EV-;0.0
9f6cf0e4-7455-4c31-a99f-552926c4040e;ca70a7e6-0ea4-4e90-a947-d44585783626;OBD_2024_I;271;2024-Q4;Schnittholz LÃ¤rche;6;Holz - massiv, naturbelassen;RC+;CL+;0.75
ee8691c4-00f9-4724-bb79-8043c62ce41e;ca70a7e6-0ea4-4e90-a947-d44585783626;OBD_2024_I;309;2024-Q4;Thermisch behandeltes Holz;130;Holz - therm. Behandelt;EV+;EV+;0.0
37a63555-2ac1-45e8-b802-6d947f30b99a;ca70a7e6-0ea4-4e90-a947-d44585783626;OBD_2024_I;219;2024-Q4;Natursteinplatte, weich, Innenboden (Dicke 0,020 m);108;Stein unbehandelt;CL+;CL+;1.0
fabf4cb9-5298-442c-8a8b-f6312e39d5af;ca70a7e6-0ea4-4e90-a947-d44585783626;OBD_2024_I;247;2024-Q4;PVC Plastisol;13;Bitumenkaltkleber, Glasvlies, Glasfaserarmierung,..;EB;EB;0.0
88c0f648-2316-4bbc-99b3-dbc636580088;ca70a7e6-0ea4-4e90-a947-d44585783626;OBD_2024_I;18;2024-Q4;Bitumen Emulsion (40% Bitumen, 60% Wasser);13;Bitumenkaltkleber, Glasvlies, Glasfaserarmierung,..;EB;EB;0.0
c984526a-18b5-45c1-a2eb-7b95466e8426;ca70a7e6-0ea4-4e90-a947-d44585783626;OBD_2024_I;21;2024-Q4;Bitumenbahnen PYE PV 200 S5 (ungeschiefert) (Polyestervlies);15;Bitubahn (ggf. mit Glasvlies);EV-;RC-;0.25
19c8f194-c3ab-4797-9b1a-8f1788bf12d8;ca70a7e6-0ea4-4e90-a947-d44585783626;OBD_2024_I;205;2024-Q4;Mehrschichtparkett  (unproblem. beschichtet);105;Parkett;RC-;RC-;1.0
6ade4721-3262-4024-ab99-0265972b38bf;ca70a7e6-0ea4-4e90-a947-d44585783626;OBD_2024_I;19;2024-Q4;Bitumen Kaltkleber (60% Bitumen, 23%LM, 17% Wasser);13;Bitumenkaltkleber, Glasvlies, Glasfaserarmierung,..;EB;EB;0.0
1401638f-b9d7-4b33-9444-b072e2756f49;ca70a7e6-0ea4-4e90-a947-d44585783626;OBD_2024_I;328;2024-Q4;Vormauerziegel (ohne MÃ¶rtel);133;Ziegel - Vormauer, Vollziegel;RC+;RC+;1.0
a5b22bbe-175d-4aef-bb19-4954e699eb8c;ca70a7e6-0ea4-4e90-a947-d44585783626;OBD_2024_I;301;2024-Q4;Mineralwolle (Innenausbau-DÃ¤mmung);107;Mineralwolle Steinwolle;Dep-;RC-;0.5
23b67663-f4b0-445e-bbba-b741a59d57e6;ca70a7e6-0ea4-4e90-a947-d44585783626;OBD_2024_I;23;2024-Q4;Bitumenbahnen V 60 (Glasvlies, bestreut);15;Bitubahn (ggf. mit Glasvlies);EV-;RC-;0.25
a2f0ddd4-a64e-4be8-a844-922013a2ac37;ca70a7e6-0ea4-4e90-a947-d44585783626;OBD_2024_I;153;2024-Q4;Kautschuk-Dichtmasse;13;Bitumenkaltkleber, Glasvlies, Glasfaserarmierung,..;EB;EB;0.0
3f764d2e-320b-4996-8c28-0f38e8971044;ca70a7e6-0ea4-4e90-a947-d44585783626;OBD_2024_I;341;2024-Q4;Zellulosefaserplatten;137;Zellulosefaserplatten;EV-;EV-;0.0
143a4df2-563e-4ef9-b75b-90e1cf9f7ef9;ca70a7e6-0ea4-4e90-a947-d44585783626;OBD_2024_I;3;2024-Q4;Aluminiumblech;2;Alu unbeschichtet od. eloxiert (Sz. Knetleg zu Guss);RC+;CL+;0.75
71be07b3-39ff-47ce-b1c9-9c536daeb56e;ca70a7e6-0ea4-4e90-a947-d44585783626;OBD_2024_I;103;2024-Q4;Glasvlies;3;Bitumenkaltkleber, Glasvlies, Glasfaserarmierung;EB;EB;0.0
60311c13-53d4-4cee-8777-1f9c9889b770;ca70a7e6-0ea4-4e90-a947-d44585783626;OBD_2024_I;300;2024-Q4;Mineralwolle (Flachdach-DÃ¤mmung);107;Mineralwolle Steinwolle;Dep-;RC-;0.5
fd3a4016-3f8c-4d8e-8bba-73b349781002;ca70a7e6-0ea4-4e90-a947-d44585783626;OBD_2024_I;207;2024-Q4;Messing-Bauteil;106;Messing;CL+;CL+;1.0
591b693f-8cfe-41fc-877d-68c730d9c31d;ca70a7e6-0ea4-4e90-a947-d44585783626;OBD_2024_I;339;2024-Q4;Wood-Plastic-Composites (halogenfrei);135;WPC - Nachweis halogenfrei;EV-;EV-;0.0
e2e9d29e-c775-4eef-af57-de8194db7524;ca70a7e6-0ea4-4e90-a947-d44585783626;OBD_2024_I;216;2024-Q4;Natursteinplatte, hart, Fassade (Dicke 0,030 m);108;Stein unbehandelt;CL+;CL+;1.0
50d421e2-3a7b-4659-92a4-f20d6a52fcf0;ca70a7e6-0ea4-4e90-a947-d44585783626;OBD_2024_I;299;2024-Q4;Mineralwolle (Fassaden-DÃ¤mmung);107;Mineralwolle Steinwolle;Dep-;RC-;0.5
25db4367-38c5-4483-b392-4fc071170e5e;ca70a7e6-0ea4-4e90-a947-d44585783626;OBD_2024_I;22;2024-Q4;Bitumenbahnen PYE-PV 200 S5 ns (geschiefert) (Polyestervlies);15;Bitubahn (ggf. mit Glasvlies);EV-;RC-;0.25
b3bb06b1-fefb-4e57-99ee-aa113000343b;ca70a7e6-0ea4-4e90-a947-d44585783626;OBD_2024_I;101;2024-Q4;Glasfaser-Armierung;3;Bitumenkaltkleber, Glasvlies, Glasfaserarmierung;EB;EB;0.0
c5a154b1-c5af-4c43-a1a8-51113f608131;ca70a7e6-0ea4-4e90-a947-d44585783626;OBD_2024_I;280;2024-Q4;Silikon-Dichtmasse;13;Bitumenkaltkleber, Glasvlies, Glasfaserarmierung,..;EB;EB;0.0
5fac6347-55b0-47be-9118-d8229d7e62c4;ca70a7e6-0ea4-4e90-a947-d44585783626;OBD_2024_I;340;2024-Q4;Zellulosefaser Einblas-DÃ¤mmstoff;136;Zellulosefaserflocken;EV-;RC+;0.75
ac779922-219f-4730-9aef-a7da84d334c1;ca70a7e6-0ea4-4e90-a947-d44585783626;OBD_2024_I;298;2024-Q4;Mineralwolle (Boden-DÃ¤mmung);107;Mineralwolle Steinwolle;Dep-;RC-;0.5
4160dc95-17a6-49c0-9a56-66d062c5c632;ca70a7e6-0ea4-4e90-a947-d44585783626;OBD_2024_I;208;2024-Q4;Mineralfaser Deckenplatten (Dicke 0,015 m);107;Mineralwolle Steinwolle;Dep-;RC-;0.5
d3661bd8-0107-4081-987b-4bdd5cfcb68d;ca70a7e6-0ea4-4e90-a947-d44585783626;OBD_2024_I;302;2024-Q4;Mineralwolle (SchrÃ¤gdach-DÃ¤mmung);107;Mineralwolle Steinwolle;Dep-;RC-;0.5
d4a53a6a-2a78-4f43-90e1-aca206cb5668;ca70a7e6-0ea4-4e90-a947-d44585783626;OBD_2024_I;4;2024-Q4;Armierung (fÃ¼r Kunstharzspachtel);3;Bitumenkaltkleber, Glasvlies, Glasfaserarmierung;EB;EB;0.0
03ed395a-bc7b-4287-9013-8ba3ac1a2900;ca70a7e6-0ea4-4e90-a947-d44585783626;OBD_2024_I;203;2024-Q4;Marmorplatte ;104;Steinboden (unproblem. imprÃ¤gniert / beschichtet);RC+;RC+;1.0
efd7fbad-374b-459f-bd23-07e064da533a;ca70a7e6-0ea4-4e90-a947-d44585783626;OBD_2024_I;329;2024-Q4;Waschbims;11;Bims / BlÃ¤hschÃ¼ttung;Dep+;RC+;0.75
f82e3ab8-d7bb-4765-a60c-bfe78ede1565;ca70a7e6-0ea4-4e90-a947-d44585783626;OBD_2024_I;215;2024-Q4;Natursteinplatte, hart, AuÃenbereich (Dicke 0,08 m);108;Stein unbehandelt;CL+;CL+;1.0
852b71e6-404e-4056-b87f-34686f292adc;ca70a7e6-0ea4-4e90-a947-d44585783626;OBD_2024_I;324;2024-Q4;Vakuum-Isolations-Paneel (VIP), unkaschiert;131;VIP;Dep+;Dep+;1.0
33c70403-553e-442c-ac5b-0ee86cceffd6;ca70a7e6-0ea4-4e90-a947-d44585783626;OBD_2024_I;200;2024-Q4;Lose HobelspandÃ¤mmung;102;HobelspÃ¤ne unbehandelt;EV-;CL+;0.75
91412f3f-6077-44d4-9c9d-95c543bcb419;ca70a7e6-0ea4-4e90-a947-d44585783626;OBD_2024_I;24;2024-Q4;Polyisobutylen (PIB) Kunststoffdachbahn;16;KSTBahn;EV-;EV-;0.0
d24a85e3-f395-4124-9874-c01f977a893f;ca70a7e6-0ea4-4e90-a947-d44585783626;OBD_2024_I;287;2024-Q4;Splittmastixasphalt SMA;4;Asphalt (Hochbau);Dep+;CL+;0.75
2e31cc41-fa94-442a-b19b-48d82c3555d8;ca70a7e6-0ea4-4e90-a947-d44585783626;OBD_2024_I;16;2024-Q4;Bims-Planstein (SFK-4);12;Leichtbeton - RC-Potenzial;SV;RC-;0.25
498cd894-8ae6-458c-b874-9022cb148409;ca70a7e6-0ea4-4e90-a947-d44585783626;OBD_2024_I;43;2024-Q4;Dachbahnen EPDM;16;KSTBahn;EV-;EV-;0.0
daba3305-6fa0-4035-bcd7-0e3534a01586;ca70a7e6-0ea4-4e90-a947-d44585783626;OBD_2024_I;304;2024-Q4;Steinwolle Heizungsrohrschale;107;Mineralwolle Steinwolle;Dep-;RC-;0.5
86d919ee-8f30-4ca4-9b7e-717aecba6ac0;ca70a7e6-0ea4-4e90-a947-d44585783626;OBD_2024_I;342;2024-Q4;Zementestrich;138;Estrich CT - Zementestrich;Dep+;RC-;0.25
3feca796-791b-46d3-8160-95ef243ffb9d;ca70a7e6-0ea4-4e90-a947-d44585783626;OBD_2024_I;2;2024-Q4;Aluminium Profil;2;Alu unbeschichtet od. eloxiert (Sz. Knetleg zu Guss);RC+;CL+;0.75
1c681356-2541-43e7-b1d4-9c4d0a936a08;ca70a7e6-0ea4-4e90-a947-d44585783626;OBD_2024_I;30;2024-Q4;BlÃ¤hton LB Hohlblockstein Trennwand;12;Leichtbeton - RC-Potenzial;SV;RC-;0.25
9795c91c-0918-46fa-8a51-47deb180c271;ca70a7e6-0ea4-4e90-a947-d44585783626;OBD_2024_I;6;2024-Q4;Asphalttragschicht - Infrastruktur;5;Asphalt (Infrastrukturbau);RC+;CL+;0.75
5ad90c89-55b4-495f-9879-9b19356a2d1a;ca70a7e6-0ea4-4e90-a947-d44585783626;OBD_2024_I;303;2024-Q4;Steinwolle FlachdÃ¤mmplatte;107;Mineralwolle Steinwolle;Dep-;RC-;0.5
8bdc6332-4d94-44c1-9975-a236ff7a3349;ca70a7e6-0ea4-4e90-a947-d44585783626;OBD_2024_I;325;2024-Q4;Vegetationssubstrat;132;Substrat;CL+;CL+;1.0
b29d88ed-8621-4ece-9e2f-78af05cb3f0f;ca70a7e6-0ea4-4e90-a947-d44585783626;OBD_2024_I;107;2024-Q4;Gussasphalt;4;Asphalt (Hochbau);Dep+;CL+;0.75
;;;5;2024-Q4;Asphalttragschicht - Hochbau;4;Asphalt (Hochbau);Dep+;CL+;0.75
;;;7;2024-Q4;Balkenschichtholz Nadelholz - unbeschichtet, naturbelassen;6;Holz - massiv, naturbelassen;RC+;CL+;0.75
;;;39;2024-Q4;Brettsperrholz;6;Holz - massiv, naturbelassen;RC+;CL+;0.75
;;;157;2024-Q4;Konstruktionsvollholz - naturbelassen;6;Holz - massiv, naturbelassen;RC+;CL+;0.75
;;;9;2024-Q4;Beton - Carbonfasern / Textilbeton ;8;Beton - Carbonfasern ;Dep-;Dep-;0.0
;;;20;2024-Q4;Bitumenbahnen mit Alu oder Kupfer;14;Bitubahn mit Metallverbund (Alu-, Cu-,..);EB;EB;0.0
;;;237;2024-Q4;Polymer-Bitumenabdichtungsbahn;15;Bitubahn (ggf. mit Glasvlies);EV-;RC-;0.25
;;;61;2024-Q4;Elastomer-Dachbahnen;16;KSTBahn;EV-;EV-;0.0
;;;233;2024-Q4;PIB-Dachbahnen (Polyisobutylen);16;KSTBahn;EV-;EV-;0.0
;;;243;2024-Q4;PP-/PE Folie;16;KSTBahn;EV-;EV-;0.0
;;;26;2024-Q4;BlÃ¤hglasgranulatplatte;17;Leichtbeton - best case;SV;RC-;0.25
;;;27;2024-Q4;BlÃ¤hperlit-Platten;18;Mineralplatte;Dep+;SV;0.75
;;;51;2024-Q4;DFF: Alu-Kunststoff-Komposit [kg/mÂ² Rahmen];20;PVC hart;SV;SV;0.0
;;;54;2024-Q4;DFF: Kunststoffrahmen PVC  [kg/mÂ² Rahmen];20;PVC hart;SV;SV;0.0
;;;83;2024-Q4;Kunststoffrahmen PVC mit Aludeckschale [kg/mÂ² Rahmen];20;PVC hart;SV;SV;0.0
;;;49;2024-Q4;DFF: Alu-Holz-Komposit-Rahmen [kg/mÂ² Rahmen];27;Holz-Alu-Rahmen, Regelvermutung HSM;EV+;EV+;0.0
;;;122;2024-Q4;Holzrahmen Fichte mit Aludeckschale [kg/mÂ² Rahmen] t=0,088 ;27;Holz-Alu-Rahmen, Regelvermutung HSM;EV+;EV+;0.0
;;;124;2024-Q4;Holzrahmen LÃ¤rche mit Aludeckschale [kg/mÂ² Rahmen] t=0,088 ;27;Holz-Alu-Rahmen, Regelvermutung HSM;EV+;EV+;0.0
;;;127;2024-Q4;Holzrahmen PH mit Aludeckschale [kg/mÂ² Rahmen] t=0,155 ;27;Holz-Alu-Rahmen, Regelvermutung HSM;EV+;EV+;0.0
;;;50;2024-Q4;DFF: Alu-Holz-Komposit-Rahmen [kg/mÂ² Rahmen] ohne HSM;28;Holz-Alu-Rahmen, Nachweis kein HSM;RC-;RC+;0.75
;;;123;2024-Q4;Holzrahmen Fichte mit Aludeckschale [kg/mÂ² Rahmen] t=0,088 ohne HSM;28;Holz-Alu-Rahmen, Nachweis kein HSM;RC-;RC+;0.75
;;;125;2024-Q4;Holzrahmen LÃ¤rche mit Aludeckschale [kg/mÂ² Rahmen] t=0,088 ohne HSM;28;Holz-Alu-Rahmen, Nachweis kein HSM;RC-;RC+;0.75
;;;128;2024-Q4;Holzrahmen PH mit Aludeckschale [kg/mÂ² Rahmen] t=0,155 ohne HSM;28;Holz-Alu-Rahmen, Nachweis kein HSM;RC-;RC+;0.75
;;;52;2024-Q4;DFF: Holzrahmen Fichte, beschichtet [kg/mÂ² Rahmen];29;Holzrahmen;EV+;EV+;0.0
;;;53;2024-Q4;DFF: Holzrahmen LÃ¤rche, beschichtet [kg/mÂ² Rahmen];29;Holzrahmen;EV+;EV+;0.0
;;;220;2024-Q4;OSB Platte;32;Holzwerkstoff - nicht beschichtet;RC+;RC+;1.0
;;;63;2024-Q4;EPS-HartschaumdÃ¤mmung - Sz. Creasolv;36;EPS - Sz. Creasolv;EV-;CL-;0.25
;;;64;2024-Q4;EPS-HartschaumdÃ¤mmung - Sz. Verbrennung;37;EPS - Sz. Energet. Beseitig.;EV-;EV-;0.0
;;;140;2024-Q4;InnentÃ¼r Metallzarge lackiert, Gewicht/lfm, d (IW)=10cm;46;Stahl - Stahl(blech) verzinkt;CL-;CL-;1.0
;;;141;2024-Q4;InnentÃ¼r Metallzarge lackiert, Gewicht/lfm, d (IW)=20cm;46;Stahl - Stahl(blech) verzinkt;CL-;CL-;1.0
;;;142;2024-Q4;InnentÃ¼r Metallzarge lackiert, Gewicht/Stk, d (IW)=10cm, TÃ¼rlichte 0,9 x 2,0;46;Stahl - Stahl(blech) verzinkt;CL-;CL-;1.0
;;;143;2024-Q4;InnentÃ¼r Metallzarge lackiert, Gewicht/Stk, d (IW)=20cm, TÃ¼rlichte 0,9 x 2,0;46;Stahl - Stahl(blech) verzinkt;CL-;CL-;1.0
;;;110;2024-Q4;HanfdÃ¤mmplatte (druckbelastet);47;DS Pflanzenfaser mit Zusatzstoffen (FSM, Bindemittel);EV-;EV-;0.0
;;;111;2024-Q4;HanfdÃ¤mmplatte (nicht druckbelastet);47;DS Pflanzenfaser mit Zusatzstoffen (FSM, Bindemittel);EV-;EV-;0.0
;;;91;2024-Q4;Gips-Kalk-Putz auf Massivbaustoff;51;Gipsputz (auf Gipsbaustoff);Dep+;RC-;0.25
;;;146;2024-Q4;Kalk-Gips-Innenputz auf Massivbaustoff;51;Gipsputz (auf Gipsbaustoff);Dep+;RC-;0.25
;;;102;2024-Q4;Glaskeramik-Tafeln (Fassade);56;Glaskeramik;RC+;RC+;1.0
;;;114;2024-Q4;Hartholzfaser-Platten;62;Holzfaser, Hartfaser;EV+;EV+;0.5
;;;115;2024-Q4;HDF-Platte;63;Holzfaser - HDF/MDF;EV+;RC-;0.25
;;;204;2024-Q4;MDF-Platte;63;Holzfaser - HDF/MDF;EV+;RC-;0.25
;;;116;2024-Q4;Hochlochziegel (hochporosiert), ohne MÃ¶rtel / Kleb.;64;Ziegel - HLZ hochporosiert;SV;RC-;0.75
;;;117;2024-Q4;Hochlochziegel mineralisch gefÃ¼llt, ohne MÃ¶rtel / Kleb.;65;Ziegel mineralisch gefÃ¼llt;Dep+;RC-;0.75
;;;120;2024-Q4;Holzdielenboden - unproblem. Beschichtet;67;Holzdielenboden;RC+;CL-;1.0
;;;133;2024-Q4;InnentÃ¼r (Pappe mit Wabenstruktur), Fl.gew.8 kg/mÂ², laminiert oder lackiert ;72;InnentÃ¼r - Karton, RÃ¶hrenspanstreifen;EV-;EV-;0.0
;;;134;2024-Q4;InnentÃ¼r (RÃ¶hrenspanplatte), Fl.gew.15 kg/mÂ², laminiert oder lackiert ;72;InnentÃ¼r - Karton, RÃ¶hrenspanstreifen;EV-;EV-;0.0
;;;135;2024-Q4;InnentÃ¼r (RÃ¶hrenspanstreifen), Fl.gew.12 kg/mÂ², laminiert oder lackiert ;72;InnentÃ¼r - Karton, RÃ¶hrenspanstreifen;EV-;EV-;0.0
;;;136;2024-Q4;InnentÃ¼r (Vollspanplatte), Fl.gew.23 kg/mÂ², laminiert oder lackiert;73;InnentÃ¼r - Spanplatte;EV-;RC-;0.75
;;;137;2024-Q4;InnentÃ¼r (Vollspanplatte), Fl.gew.34 kg/mÂ², laminiert oder lackiert;73;InnentÃ¼r - Spanplatte;EV-;RC-;0.75
;;;138;2024-Q4;InnentÃ¼r Massivholz, lackiert, Fl.gewicht 12 kg/mÂ²;74;InnentÃ¼r - Holz massiv, beschichtet;RC+;CL-;1.0
;;;139;2024-Q4;InnentÃ¼r Massivholz, unbehandelt oder geÃ¶lt, Fl.gew. 12 kg/mÂ²;75;InnentÃ¼r - Holz massiv, unbeschichtet;RC+;CL+;0.75
;;;197;2024-Q4;Leichtputz mineralisch (mineral. Untergrund);76;mineral. Putz, MÃ¶rtel, Kleber;Dep+;Dep+;0.0
;;;278;2024-Q4;Silikat-Dispersionsputz (mineral. Untergrund);76;mineral. Putz, MÃ¶rtel, Kleber;Dep+;Dep+;0.0
;;;279;2024-Q4;Silikatputz;83;organ. Putz;Dep-;Dep-;0.0
;;;281;2024-Q4;Silikonharzputz;83;organ. Putz;Dep-;Dep-;0.0
;;;182;2024-Q4;Lehmbauplatte;90;Lehmbauplatte;SV;CL+;0.75
;;;184;2024-Q4;Lehmfarbe;92;Lehmfarbe, auf Lehmplatte;Dep+;CL+;0.75
;;;185;2024-Q4;Lehm-Klebe- und HaftmÃ¶rtel;93;Lehmputz;SV;CL+;0.75
;;;186;2024-Q4;Lehmputz;93;Lehmputz;SV;CL+;0.75
;;;187;2024-Q4;Lehmputz mit CL-Nachweis;94;Lehmputz mit CL-Nachweis;CL+;CL+;1.0
;;;189;2024-Q4;LehmschÃ¼ttung granuliert;96;Lehm;SV;CL+;0.75
;;;191;2024-Q4;Lehmstein;96;Lehm;SV;CL+;0.75
;;;296;2024-Q4;Stampflehmwand;96;Lehm;SV;CL+;0.75
;;;190;2024-Q4;LehmschÃ¼ttung granuliert mit CL-Nachweis ;97;Lehm mit CL-Nachweis;CL+;CL+;1.0
;;;195;2024-Q4;Leichtlehm (Stroh-Lehm-Gemisch);100;Leichtlehm (organ./mineral.);SV;RC-;0.75
;;;196;2024-Q4;Leichtlehmputz;100;Leichtlehm (organ./mineral.);SV;RC-;0.75
;;;198;2024-Q4;Lichtkuppel Aufsatzkranz, PP SchÃ¼rze 30cm [kg/lfm];101;KSTProfil ;EV-;EV-;0.0
;;;202;2024-Q4;Magnesiaestrich / Steinholzestrich;103;Magnesiaestrich / Steinholzestrich;Dep-;Dep-;0.0
;;;223;2024-Q4;PE Weichschaum;109;KSTDÃ¤mm (PE);EV-;EV-;0.0
;;;225;2024-Q4;PE-Drainageplatten;109;KSTDÃ¤mm (PE);EV-;EV-;0.0
;;;248;2024-Q4;PVC-Dachbahnen;117;PVC-Folie;EB;SV;0.5
;;;259;2024-Q4;Schafwolle (mit Flammschutzmittel);119;Schafwolle mit Flammschutzmittel;EV-;EV-;0.75
;;;260;2024-Q4;Schafwolle (ohne Zusatzstoffe);120;Schafwolle;EV-;RC+;0.75
;;;262;2024-Q4;Schaumglasgranulat SchÃ¼ttung;121;Mineralische DÃ¤mmschÃ¼ttung;SV;CL-;0.75
;;;265;2024-Q4;SchilfrohrdÃ¤mmmatte;123;Schilfrohr;SV;RC+;0.5
;;;266;2024-Q4;Schilfrohrmatte (PutztrÃ¤ger);123;Schilfrohr;SV;RC+;0.5
;;;286;2024-Q4;Splitt 2/8, dauerelastisch gebunden (Latex, sonstige Polymere);124;SchÃ¼ttung organ./min. gebunden;Dep-;Dep-;0.0
;;;338;2024-Q4;Wood-Plastic-Composites;134;WPC;EB;EB;0.0
